"station_name","external_station_code","name","site_type","latitude","longitude","coordinate_source","coordinate_uncertainty_m","notes"
"Boyd Dom","NDEP_Boyd_Dom","Boyd Domestic Well","well",39.37371,-119.7453,"nbmg_geothermal_wells",100,"Matched to NBMG Geothermal_Wells 'Boyd Domestic Well' by exact name (ArcGIS Open Data, data-nbmg.opendata.arcgis.com/datasets/72341ba987e34c12a575c83f1d7c5367_0); no location_uncertainty_statement provided by NBMG, 100 m is a documented conservative default."
"Jeppson Dom","NDEP_Jeppson_Dom","Jeppson Geothermal Well","well",39.35931,-119.7685,"nbmg_geothermal_wells",100,"Matched to NBMG Geothermal_Wells 'Jeppson Geothermal Well' by exact name; same source/uncertainty note as Boyd Dom."
"Rogers Well","NDEP_Rogers_Well","Rogers Domestic Well","well",39.36248,-119.7646,"nbmg_geothermal_wells",100,"Matched to NBMG Geothermal_Wells 'Rogers Domestic Well' by exact name; same source/uncertainty note as Boyd Dom."
"Soccer Field","NDEP_Soccer_Field","Soccer Field Monitoring Well","well",39.40187,-119.7594,"nbmg_geothermal_wells",100,"Matched to NBMG Geothermal_Wells 'Soccer Field Monitoring Well' by exact name. Supersedes an earlier rough estimate (39.3875,-119.7412) that was ~2 km off; NBMG exact-name match preferred per user confirmation 2026-09-05."
"Herz Deep","","","",NA,NA,"",NA,"STILL UNRESOLVED as of 2026-09-05 (session 2): the *domestic* Herz well was separately resolved via NDWR WellLogQuery to 39.405472,-119.753255 (see data/raw/ndwr/klein2007_monitor_well_locations.csv, code KLEIN_Herz_Dom) -- but that is the NDEP permit table's distinct 'Herz Domestic' monitoring point, NOT this one. 'Herz (Deep) (2007)' per the NDEP permit table is presumably a well drilled around 2007 (Klein et al. 2007 explicitly describes Ormat/NDEP planning new monitor wells that year), which postdates the NBMG well-log compilation (2019) and every NDWR search tried, so it plausibly just isn't in any digitized source checked. Do not substitute the domestic well's coordinate here -- leave unresolved until a specific 2007-era well record or direct correspondence with Ormat/NDEP is found."
"Eich Well","NDEP_Eich_Well","Eich Well","well",39.409083,-119.744088,"ndwr_welllogquery",50,"RESOLVED 2026-09-05 (session 2) via NDWR WellLogQuery, owner search 'EICH': single exact match 'EICH, PAUL', Basin 087, T18N R20E Sec 21 SW, log 10437, completed 1969-01-25, depth 100 ft. Preferred over several superficially similar surnames in the same result set (Heidenreich, Eichelberger, Eichmann, Reichman, Reichlin, Meich) because this is the only literal 'Eich' owner in the area, and it sits ~403m from the separately-resolved DeMonte well and ~885m from Herz Domestic -- consistent with Klein et al. (2007) Figure 1's tight NDOT/Curti/Herz/DiMonte/Eich monitor-well cluster just N of the geothermal field. Minor caveat, not fully resolved: this log's total depth (100 ft) doesn't exactly match the NDEP permit table's description 'Eich (Shallow, 45 ft.)' -- plausibly a difference between total drilled depth and a specific sampling/perforation depth used for monitoring, rather than a wrong-well match."
"NDOT","","","",NA,NA,"",NA,"STILL UNRESOLVED as of 2026-09-05 (session 2): searched NDWR WellLogQuery by owner name 'NDOT' -- got 24 statewide hits, but none plausibly close to the Klein et al. (2007) monitor-well cluster (~39.39-39.41N, -119.74 to -119.75W). The two Basin-087 candidates found were a 7-log cluster at T19N R19E Sec36 (39.4716,-119.7899, ~7-8km N of the cluster) and a single 'NDOT RIGHT OF WAY' log at T17N R20E Sec23 (39.317972,-119.707695, ~6-7km S/E) -- both rejected as too far away. Klein's map places NDOT immediately beside Curti/Herz/Soccer Field, so the true well is either logged under a different owner name (e.g. the actual maintenance-station name, or 'State of Nevada'/'Department of Transportation' rather than the abbreviation 'NDOT'), or simply isn't captured by an owner-name search at all. Left unlocated -- a spatial (GIS/map-based) NDWR search of the cluster area, rather than further owner-name guesses, is the more promising next step. UPDATE 2026-09-25 (session 33): a real candidate found while spot-checking well-log OCR for the Leapfrog/lithology task -- NDWR log 104216 (a WELL DRILLER'S PLUGGING REPORT) is owned by 'N.D.O.T.' (with periods -- explaining why the earlier owner-name search for the bare abbreviation 'NDOT' missed it), at address '1-580 Right of Way', with a precise NAD83 coordinate printed directly on the form: 39.37058 N, -119.75698 W (depth drilled 1990 ft, cased 1967 ft, references an earlier NDWR log #21768 as the original/replaced well). This coordinate sits ~2.2-4.4 km SOUTH of the Klein-map cluster this note originally expected, so it is flagged as a strong lead (exact owner-name + coordinate on a primary-source government form), NOT a confirmed match -- not registered as a Location/Well yet, per this project's standing rule against guessing an identity from a single lead without corroboration. Worth checking against Klein (2007)'s actual figure again (is NDOT really plotted at the Curti/Herz cluster, or was this note's summary of that figure imprecise?) before promoting. CORRECTION (same session, minutes later): rendered Klein et al. (2007) Figure 1 directly (output/figures/literature_reference/klein2007_fig1_wellmap.png) and can now see NDOT's real plotted position with certainty -- it IS in the northern Herz/Curti Barn/Curti Dom/Soccer Field/Brown School cluster (~39.39-39.41N), confirming this note's ORIGINAL expectation. Log 104216 (39.37058N, ~2.5km south) is therefore most likely a DIFFERENT N.D.O.T.-owned well (NDOT may own more than one monitoring well along area highways), not the Klein-mapped one. Still worth keeping on file as a real, confirmed N.D.O.T. identity (useful for other purposes), but downgraded from 'candidate lead for THIS location' to 'a different real NDOT well, doesn't resolve this row.'"
"SB2 Outlet","NDEP_SB2_Outlet","SB2 Outlet","background",39.3950049080943,-119.747132956251,"sampling_port_facility_centroid",75,"RESOLVED 2026-09-30: no independent coordinate exists for this specific outlet tap, so this uses the SB2/3 Sampling_Ports row's own coordinate (an ArcGIS facility-polygon centroid for the combined SB2/3 pad, register_facility_areas.R) as a documented approximation -- the real sample point is somewhere on that pad, not necessarily this exact centroid. SB3 Outlet (below) shares the identical coordinate for the same reason; the two are kept as distinct Locations rows (not merged) since they are two distinct named sample taps in the source PDF."
"SB3 Outlet","NDEP_SB3_Outlet","SB3 Outlet","background",39.3950049080943,-119.747132956251,"sampling_port_facility_centroid",75,"RESOLVED 2026-09-30: see SB2 Outlet's note -- same SB2/3 Sampling_Ports facility-centroid approximation, kept as a distinct Location from SB2 Outlet despite the identical coordinate."
"Galena 1 Outlet","NDEP_Galena1_Outlet","Galena 1 Outlet","background",39.3905276170753,-119.754917003276,"sampling_port_facility_centroid",75,"RESOLVED 2026-09-30: uses the Galena 1 Sampling_Ports row's own coordinate (ArcGIS facility-polygon centroid, register_facility_areas.R) as a documented approximation for this outlet tap's real sample point."
"Galena 2 Outlet","NDEP_Galena2_Outlet","Galena 2 Outlet","background",39.3732304662238,-119.764545721886,"sampling_port_facility_centroid",75,"RESOLVED 2026-09-30: uses the Galena 2 Sampling_Ports row's own coordinate (ArcGIS facility-polygon centroid, register_facility_areas.R) as a documented approximation."
"Galena 3 Outlet","NDEP_Galena3_Outlet","Galena 3 Outlet","background",39.3887187185334,-119.748889711082,"sampling_port_facility_centroid",75,"RESOLVED 2026-09-30: uses the Galena 3 Sampling_Ports row's own coordinate (ArcGIS facility-polygon centroid, register_facility_areas.R) as a documented approximation."
"SBHR Outlet","NDEP_SBHR_Outlet","SBHR Outlet","background",39.3813546295129,-119.760343367015,"sampling_port_facility_centroid",75,"RESOLVED 2026-09-30: uses the SBHR Sampling_Ports row's own coordinate (ArcGIS facility-polygon centroid, register_facility_areas.R) as a documented approximation."
"Galena 2 Injection Composite (TFT)","NDEP_Galena2_InjComposite_TFT","Galena 2 Injection Composite (TFT)","background",39.3732304662238,-119.764545721886,"sampling_port_facility_centroid",75,"RESOLVED 2026-09-30: real WETLAB Appendix D injection-composite samples from two TFT Compliance Reports (2025-07-09, 2026-04-07), both labeled 'G2 Injection' on the accompanying U230 form (Injection Piping downstream of HX in Plant) -- uses the same Galena 2 Sampling_Ports facility centroid as Galena 2 Outlet, since this is the same physical pad. See parse_wetlab_appendix_d_pdf.R."
