"well_name","source"
"Herz Geothermal","Skalbeck (2001) Table 1, p.150"
"Flame","Skalbeck (2001) Table 1, p.150"
"Peigh Pool Geothermal","Skalbeck (2001) Table 1, p.150"
"SBG-PW1","Skalbeck (2001) Table 1, p.150"
"SBG-TH1","Skalbeck (2001) Table 1, p.150"
"SBG-TH2","Skalbeck (2001) Table 1, p.150"
"SBG-TH3","Skalbeck (2001) Table 1, p.150"
"TranSierra 4","Skalbeck (2001) Table 1, p.150"
"Dry Creek (spring)","Skalbeck (2001) Table B-1, p.200 (via Nehring 1980)"
"Stock Spring","Skalbeck (2001) Table B-1, p.200 (via Nehring 1980)"
"Thomas Creek Spring","Skalbeck (2001) Table B-1, p.200 (via Nehring 1980) -- may or may not be the same as this project's already-known Thomas Creek monitoring gauges; not assumed"
"Slide Mount Spring","Skalbeck (2001) Table B-1, p.200 (via Nehring 1980)"
"Davies Creek Well","Skalbeck (2001) Table B-1, p.200 (via Mariner and Janik 1995)"
"Pleasant Valley School","Skalbeck (2001) Table B-1, p.200 (via Mariner and Janik 1995)"
"Jumbo Grade Spring","Skalbeck (2001) Table B-1, p.200 (via Nehring 1980 and Mariner and Janik 1995, two different sample dates)"
"Scorpion Springs","Skalbeck (2001) Table B-1, p.200 (via Mariner and Janik 1995)"
"Alum Spring","Skalbeck (2001) Table B-1, p.200 (via Mariner and Janik 1995)"
"Tick Spring","Skalbeck (2001) Table B-1, p.201 (via Mariner and Janik 1995)"
"Guton Ranch Well","Skalbeck (2001) Table B-1, p.200 (via Mariner and Janik 1995) -- name possibly OCR-garbled, verify against source scan"
"Hidden Valley Well","Skalbeck (2001) Table B-1, p.200 (via Mariner and Janik 1995)"
