"well_name","depth_m","depth_ft","temp_c","enthalpy_jg","cl_nonerupted","cl_erupted","cl_corrected_steam_loss","notes"
"GS-5",174,575,170,717,NA,864,717,"Nehring (1980) Table 7, p.22, reproducing White (1968a)'s well data. depth given in both m and ft as printed; enthalpy in J/g. Cl columns: non-erupted (measured directly), erupted (flashed/erupted sample), corrected for steam loss (only reported for a subset of wells)."
"GS-4",153,505,171,733,NA,828,687,"Nehring (1980) Table 7, p.22, reproducing White (1968a)'s well data. depth given in both m and ft as printed; enthalpy in J/g. Cl columns: non-erupted (measured directly), erupted (flashed/erupted sample), corrected for steam loss (only reported for a subset of wells)."
"GS-3",208,686,164,667,NA,796,692,"Nehring (1980) Table 7, p.22, reproducing White (1968a)'s well data. depth given in both m and ft as printed; enthalpy in J/g. Cl columns: non-erupted (measured directly), erupted (flashed/erupted sample), corrected for steam loss (only reported for a subset of wells)."
"GS-1",121,400,157,662,NA,860,710,"Nehring (1980) Table 7, p.22, reproducing White (1968a)'s well data. depth given in both m and ft as printed; enthalpy in J/g. Cl columns: non-erupted (measured directly), erupted (flashed/erupted sample), corrected for steam loss (only reported for a subset of wells)."
"GS-2",121,398,154,651,NA,856,727,"Nehring (1980) Table 7, p.22, reproducing White (1968a)'s well data. depth given in both m and ft as printed; enthalpy in J/g. Cl columns: non-erupted (measured directly), erupted (flashed/erupted sample), corrected for steam loss (only reported for a subset of wells)."
"Mt Rose 1",48,160,133,559,844,NA,NA,"Nehring (1980) Table 7, p.22, reproducing White (1968a)'s well data. depth given in both m and ft as printed; enthalpy in J/g. Cl columns: non-erupted (measured directly), erupted (flashed/erupted sample), corrected for steam loss (only reported for a subset of wells)."
"Herz 1",47,155,93,390,416,NA,NA,"Nehring (1980) Table 7, p.22, reproducing White (1968a)'s well data. depth given in both m and ft as printed; enthalpy in J/g. Cl columns: non-erupted (measured directly), erupted (flashed/erupted sample), corrected for steam loss (only reported for a subset of wells)."
"Herz 2",46,153,90,375,400,NA,NA,"Nehring (1980) Table 7, p.22, reproducing White (1968a)'s well data. depth given in both m and ft as printed; enthalpy in J/g. Cl columns: non-erupted (measured directly), erupted (flashed/erupted sample), corrected for steam loss (only reported for a subset of wells)."
"E Reno",48,157,138,579,868,NA,NA,"Nehring (1980) Table 7, p.22, reproducing White (1968a)'s well data. depth given in both m and ft as printed; enthalpy in J/g. Cl columns: non-erupted (measured directly), erupted (flashed/erupted sample), corrected for steam loss (only reported for a subset of wells)."
"W Reno",56,186,138,579,898,NA,NA,"Nehring (1980) Table 7, p.22, reproducing White (1968a)'s well data. depth given in both m and ft as printed; enthalpy in J/g. Cl columns: non-erupted (measured directly), erupted (flashed/erupted sample), corrected for steam loss (only reported for a subset of wells)."
"Senges",54,177,146,613,826,NA,NA,"Nehring (1980) Table 7, p.22, reproducing White (1968a)'s well data. depth given in both m and ft as printed; enthalpy in J/g. Cl columns: non-erupted (measured directly), erupted (flashed/erupted sample), corrected for steam loss (only reported for a subset of wells)."
"Rodeo",85,280,169,714,NA,836,694,"Nehring (1980) Table 7, p.22, reproducing White (1968a)'s well data. depth given in both m and ft as printed; enthalpy in J/g. Cl columns: non-erupted (measured directly), erupted (flashed/erupted sample), corrected for steam loss (only reported for a subset of wells)."
"SB-4",56,184,155,652,702,NA,NA,"Nehring (1980) Table 7, p.22, reproducing White (1968a)'s well data. depth given in both m and ft as printed; enthalpy in J/g. Cl columns: non-erupted (measured directly), erupted (flashed/erupted sample), corrected for steam loss (only reported for a subset of wells)."
"No. 32",13,43,115,480,885,NA,NA,"Nehring (1980) Table 7, p.22, reproducing White (1968a)'s well data. depth given in both m and ft as printed; enthalpy in J/g. Cl columns: non-erupted (measured directly), erupted (flashed/erupted sample), corrected for steam loss (only reported for a subset of wells)."
"SSW",35,114,65,272,870,NA,NA,"Nehring (1980) Table 7, p.22, reproducing White (1968a)'s well data. depth given in both m and ft as printed; enthalpy in J/g. Cl columns: non-erupted (measured directly), erupted (flashed/erupted sample), corrected for steam loss (only reported for a subset of wells). Footnote 1: used shallow (high temp.) aquifer."
"GS-8",39,130,129,546,860,NA,NA,"Nehring (1980) Table 7, p.22, reproducing White (1968a)'s well data. depth given in both m and ft as printed; enthalpy in J/g. Cl columns: non-erupted (measured directly), erupted (flashed/erupted sample), corrected for steam loss (only reported for a subset of wells). Footnote 2: downhole sample."
