"date","Cl","B","Temp","Depth"
"1985-01-01",350,16.3,51,15.3
"1985-02-01",340,16.6,50,15.5
"1985-03-01",340,17.4,51,15.6
"1985-04-01",350,17.2,52,15.7
"1985-05-01",340,17.5,53,15.8
"1985-06-01",350,17.5,53,15.8
"1985-07-01",350,17.5,53,15.8
"1985-08-01",355,18.2,54,15.8
"1985-09-01",345,18.3,53,16.1
"1985-10-01",345,17,53,15.9
"1985-11-01",340,18.1,54,15.8
"1985-12-01",350,16.9,53,15.8
"1986-01-01",345,15.2,53,16
"1986-02-01",345,17.1,53,16
"1986-03-01",345,17.6,49,15.7
"1986-04-01",345,17.6,53,15.7
"1986-05-01",345,17.3,52,15.8
"1986-06-01",355,17.4,52,15.9
"1986-07-01",375,17.7,52,15.7
"1986-08-01",350,17.4,54,15.5
"1986-09-01",350,18.1,53,15.5
"1986-10-01",345,17.7,53,NA
"1986-11-01",345,17.6,54,NA
"1986-12-01",340,18.5,54,NA
"1987-01-01",340,18.2,52,15.4
"1987-03-01",340,18,54,15
"1987-04-01",340,18,51,14.8
"1987-10-01",345,17.4,52,14.4
"1987-11-01",340,17.4,52,14.4
"1987-12-01",340,17.5,52,14.4
"1988-01-01",340,17.5,52,14.4
"1988-02-01",340,17.6,51,NA
"1988-03-01",325,17.2,52,14.5
"1988-04-01",355,17.1,50,14.7
"1988-05-01",360,17.2,51,14.8
"1988-06-01",340,17.4,52,14.8
"1988-07-01",350,17.5,52,14.9
"1988-08-01",345,17.6,52,14.9
"1988-11-01",360,18.3,53,NA
"1989-01-01",355,16.6,53,15.2
"1989-02-01",365,17.8,52,NA
"1989-03-01",370,17.9,52,12.6
"1989-04-01",370,18.2,54,NA
"1989-05-01",375,18.2,52,15.9
"1989-06-01",375,18.1,54,15.8
"1989-08-01",375,18.6,55,16.2
"1989-09-01",370,18.7,53,16.3
"1989-10-01",380,19,53,16.3
