well_name,date,Cl,B,reference,notes
Dry Creek,1977-06-18,2,0,Nehring 1980,"Skalbeck (2001) Table B-1 p.200, cold water"
Stock Spring,1977-06-18,3,0,Nehring 1980,"Skalbeck (2001) Table B-1 p.200, cold water"
Thomas Creek Spring,1977-06-08,2,0,Nehring 1980,"Skalbeck (2001) Table B-1 p.200, cold water"
Slide Mount Spring,1977-06-11,12,4.0,Nehring 1980,"Skalbeck (2001) Table B-1 p.200, cold water"
Davies Creek Well,1977-06-11,0,0,Nehring 1980,"Skalbeck (2001) Table B-1 p.200, cold water"
Pleasant Valley School,1977-06-12,2,0,Mariner and Janik 1995,"Skalbeck (2001) Table B-1 p.200, cold water"
Jumbo Grade Spring,1977-06-09,8,0,Nehring 1980,"Skalbeck (2001) Table B-1 p.200, cold water"
Scorpion Springs,1977-06-09,3,0,Mariner and Janik 1995,"Skalbeck (2001) Table B-1 p.200, cold water"
Alum Spring,1977-06-09,9,0,Mariner and Janik 1995,"Skalbeck (2001) Table B-1 p.200, cold water"
Galena Creek Park,1993-08-07,0.5,0.1,Mariner and Janik 1995,"Skalbeck (2001) Table B-1 p.200, cold water; matches existing Locations 'GALENA CREEK PARK'"
Tick Spring,1993-08-07,48,0,Mariner and Janik 1995,"Skalbeck (2001) Table B-1 p.200, cold water"
Jumbo Grade Spring,1993-08-07,7,0.1,Mariner and Janik 1995,"Skalbeck (2001) Table B-1 p.200, cold water, second real dated sample"
Guton Ranch Well,1977-06-12,471,14,Mariner and Janik 1995,"Skalbeck (2001) Table B-1 p.200, cold water (unusually high Cl for a 'cold' site -- reported as-is, not re-classified)"
Hidden Valley Well,1977-06-12,9,3,Mariner and Janik 1995,"Skalbeck (2001) Table B-1 p.200, cold water; OCR date '6112/1977' reconstructed as 6/12/1977"
STMGID#4,1991-11-08,20,,Mariner and Janik 1995,"Skalbeck (2001) Table B-1 p.200, cold water; matches existing provisional Wells row 'STMGID MW-4'"
PW-1,1991-01-17,781,45,Mariner and Janik 1995,"Skalbeck (2001) Table B-1 p.200-201, thermal (SBG field); OCR date '1117/1991' reconstructed as 1/17/1991"
PW-1,1993-01-29,811,43,Mariner and Janik 1995,"Skalbeck (2001) Table B-1 p.200-201, thermal (SBG field)"
PW-1,1993-08-15,808,38,Mariner and Janik 1995,"Skalbeck (2001) Table B-1 p.200-201, thermal (SBG field); OCR date '815/1993' ambiguous between 8/5 and 8/15 -- 8/15 used, flagged"
PW-1,1994-07-27,802,42,Mariner and Janik 1995,"Skalbeck (2001) Table B-1 p.200-201, thermal (SBG field)"
PW-2,1991-01-17,800,43,Mariner and Janik 1995,"Skalbeck (2001) Table B-1 p.200-201, thermal (SBG field)"
PW-2,1993-01-29,823,41,Mariner and Janik 1995,"Skalbeck (2001) Table B-1 p.200-201, thermal (SBG field)"
PW-2,1993-08-05,795,43,Mariner and Janik 1995,"Skalbeck (2001) Table B-1 p.200-201, thermal (SBG field)"
PW-2,1994-07-24,811,41,Mariner and Janik 1995,"Skalbeck (2001) Table B-1 p.200-201, thermal (SBG field)"
PW-3,1991-01-17,809,42,Mariner and Janik 1995,"Skalbeck (2001) Table B-1 p.200-201, thermal (SBG field)"
PW-3,1993-08-15,814,47,Mariner and Janik 1995,"Skalbeck (2001) Table B-1 p.200-201, thermal (SBG field); OCR date '815/1993' ambiguous between 8/5 and 8/15 -- 8/15 used, flagged"
PW 2-1,1993-01-28,772,40,Mariner and Janik 1995,"Skalbeck (2001) Table B-1 p.200-201, thermal (SBG field). Matched to existing Wells 'PW 2-1' by canonical spelling."
PW 2-1,1993-08-04,801,45,Mariner and Janik 1995,"Skalbeck (2001) Table B-1 p.200-201, thermal (SBG field)"
PW 2-2,1993-01-28,770,42,Mariner and Janik 1995,"Skalbeck (2001) Table B-1 p.200-201, thermal (SBG field)"
PW 2-2,1993-08-04,799,44,Mariner and Janik 1995,"Skalbeck (2001) Table B-1 p.200-201, thermal (SBG field)"
PW 2-2,1994-07-26,797,40,Mariner and Janik 1995,"Skalbeck (2001) Table B-1 p.200-201, thermal (SBG field)"
PW 2-3,1993-01-29,801,37,Mariner and Janik 1995,"Skalbeck (2001) Table B-1 p.200-201, thermal (SBG field)"
PW 2-3,1994-07-26,797,40,Mariner and Janik 1995,"Skalbeck (2001) Table B-1 p.200-201, thermal (SBG field)"
PW 2-4,1993-01-28,782,41,Mariner and Janik 1995,"Skalbeck (2001) Table B-1 p.200-201, thermal (SBG field)"
PW 2-4,1993-01-29,801,37,Mariner and Janik 1995,"Skalbeck (2001) Table B-1 p.200-201, thermal (SBG field); dates 1/28 and 1/29 both appear in source for this well, kept as two distinct real rows"
PW 2-5,1993-01-29,795,41,Mariner and Janik 1995,"Skalbeck (2001) Table B-1 p.200-201, thermal (SBG field)"
PW 2-5,1993-08-04,796,48,Mariner and Janik 1995,"Skalbeck (2001) Table B-1 p.200-201, thermal (SBG field)"
PW 2-5,1994-07-26,805,42,Mariner and Janik 1995,"Skalbeck (2001) Table B-1 p.200-201, thermal (SBG field)"
PW 3-1,1993-01-28,789,41,Mariner and Janik 1995,"Skalbeck (2001) Table B-1 p.200-201, thermal (SBG field)"
PW 3-1,1993-08-04,788,40,Mariner and Janik 1995,"Skalbeck (2001) Table B-1 p.200-201, thermal (SBG field)"
PW 3-1,1994-07-26,783,40,Mariner and Janik 1995,"Skalbeck (2001) Table B-1 p.200-201, thermal (SBG field)"
PW 3-2,1993-01-28,775,41,Mariner and Janik 1995,"Skalbeck (2001) Table B-1 p.200-201, thermal (SBG field)"
PW 3-2,1993-08-04,799,43,Mariner and Janik 1995,"Skalbeck (2001) Table B-1 p.200-201, thermal (SBG field)"
PW 3-3,1993-01-28,801,42,Mariner and Janik 1995,"Skalbeck (2001) Table B-1 p.200-201, thermal (SBG field)"
PW 3-3,1993-08-15,779,39,Mariner and Janik 1995,"Skalbeck (2001) Table B-1 p.200-201, thermal (SBG field); OCR date '815/1993' ambiguous -- 8/15 used, flagged"
PW 3-3,1994-07-26,797,42,Mariner and Janik 1995,"Skalbeck (2001) Table B-1 p.200-201, thermal (SBG field)"
PW 3-4,1993-01-28,779,42,Mariner and Janik 1995,"Skalbeck (2001) Table B-1 p.200-201, thermal (SBG field)"
PW 3-4,1993-08-04,795,52,Mariner and Janik 1995,"Skalbeck (2001) Table B-1 p.200-201, thermal (SBG field)"
PW 3-4,1994-07-26,783,39,Mariner and Janik 1995,"Skalbeck (2001) Table B-1 p.200-201, thermal (SBG field)"
21-5R,1993-08-04,797,41,Mariner and Janik 1995,"Skalbeck (2001) Table B-1 p.201, thermal (SBG field). Matched to existing Wells '21-5R'."
21-5R,1993-01-28,782,41,Mariner and Janik 1995,"Skalbeck (2001) Table B-1 p.201, thermal (SBG field)"
13-5R,1993-08-05,787,43,Mariner and Janik 1995,"Skalbeck (2001) Table B-1 p.201, thermal (SBG field). Matched to existing Wells '13-5R'; OCR date '8/511993' reconstructed as 8/5/1993"
13-5R,1991-11-05,792,43,Mariner and Janik 1995,"Skalbeck (2001) Table B-1 p.201, thermal (CPI field)"
23-5,1994-07-26,783,41,Mariner and Janik 1995,"Skalbeck (2001) Table B-1 p.201, thermal (SBG field)"
23-5,1991-11-05,760,37,Mariner and Janik 1995,"Skalbeck (2001) Table B-1 p.201, thermal (CPI field)"
83A-6,1993-01-27,742,39,Mariner and Janik 1995,"Skalbeck (2001) Table B-1 p.201, thermal (CPI field)"
83A-6,1993-08-03,755,41,Mariner and Janik 1995,"Skalbeck (2001) Table B-1 p.201, thermal (CPI field)"
IW-3,1994-07-25,766,40,Mariner and Janik 1995,"Skalbeck (2001) Table B-1 p.201, thermal (CPI field)"
IW-5,1993-08-07,765,39,Mariner and Janik 1995,"Skalbeck (2001) Table B-1 p.201, thermal (CPI field). Matched via existing Well_Aliases 'IW-5' -> '46-28'."
Cox I-1,1993-01-27,774,40,Mariner and Janik 1995,"Skalbeck (2001) Table B-1 p.201, thermal (CPI field); OCR 'COXI-1' matched to existing Wells 'Cox I-1'"
GS-5,1993-08-02,783,41,Mariner and Janik 1995,"Skalbeck (2001) Table B-1 p.201, thermal (CPI field); OCR date '8/211993' reconstructed as 8/2/1993"
GS-5,1994-07-25,810,40,Mariner and Janik 1995,"Skalbeck (2001) Table B-1 p.201, thermal (CPI field)"
