"date","Cl","B","Temp"
"1985-01-01",3,0,15
"1985-02-01",7,0,18
"1985-03-01",7,0.2,17
"1985-04-01",5,0.3,17
"1985-05-01",4,0.3,19
"1985-06-01",7,0.2,21
"1985-07-01",5,0.2,25
"1985-08-01",8,0.2,23
"1985-09-01",9,0.2,21
"1985-10-01",9,0.2,20
"1985-11-01",10,0.1,19
"1985-12-01",10,0.2,18
"1986-01-01",8,0.6,16
"1986-02-01",7,0.2,17
"1986-03-01",17,0.2,17
"1986-04-01",17,0.2,18
"1986-05-01",10,0.2,19
"1986-06-01",11,0.2,22
"1986-07-01",10,0.2,24
"1986-08-01",11,0.2,28
"1986-09-01",14,0.2,21
"1986-10-01",13,0.1,19
"1986-11-01",13,0.1,18
"1986-12-01",11,0.2,17
"1987-01-01",6,0.2,15
"1987-02-01",8,0.2,16
"1987-03-01",7,0.2,17
"1987-04-01",6,0.3,18
"1987-05-01",5,0.2,21
"1987-06-01",15,0.1,22
"1987-07-01",7,0.2,21
"1987-08-01",5,0.2,22
"1987-09-01",5,0.3,22
"1987-10-01",8,0.3,23
"1987-11-01",5,0.3,20
"1987-12-01",6,0.3,19
"1988-01-01",7,0.3,17
"1988-02-01",14,0.3,17
"1988-03-01",13,0.3,21
"1988-04-01",18,0.3,20
"1988-05-01",27,0.3,22
"1988-06-01",35,0.3,26
"1988-07-01",39,0.3,28
"1988-08-01",68,0.4,27
"1988-09-01",69,0.4,50
"1988-11-01",112,0.7,25
"1989-01-01",150,0.5,22
"1989-02-01",188,0.9,24
"1989-03-01",203,1.3,25
"1989-04-01",250,2.1,25
"1989-05-01",253,2.7,25
"1989-06-01",263,2.8,27
"1989-07-01",350,4.4,NA
"1989-08-01",355,4.9,23
"1989-10-01",333,5.4,21
"1989-11-01",370,6.4,22
"1989-12-01",370,6.3,21
"1990-01-01",395,7.2,20
"1990-02-01",415,3.8,20
"1990-03-01",430,8.7,22
"1990-04-01",430,5,21
"1990-05-01",440,9.7,21
"1990-06-01",410,9.7,22
"1990-07-01",420,9.2,20
"1990-09-01",450,12,NA
"1990-12-01",480,13.2,NA
"1991-01-01",495,13.2,NA
"1991-02-01",505,15.4,40
"1991-03-01",530,16.2,NA
"1991-04-01",510,17.7,46
"1991-05-01",490,16.3,59
"1991-06-01",505,17.2,NA
"1991-07-01",510,17.8,NA
"1991-08-01",530,19.7,NA
"1991-10-01",540,20.8,NA
"1991-11-01",550,21.5,NA
"1991-12-01",580,23.6,NA
"1992-01-01",570,23.6,NA
"1992-02-01",590,24.4,NA
"1992-03-01",590,23.7,27
"1992-04-01",570,22.2,NA
"1992-05-01",580,24.5,NA
"1992-06-01",580,17.3,27
"1992-07-01",600,28.9,NA
"1992-08-01",630,30.5,NA
"1992-09-01",640,31.1,27
"1992-10-01",630,NA,NA
"1992-11-01",620,NA,NA
"1992-12-01",630,29.8,28
"1993-03-01",663,31.2,NA
"1993-06-01",640,31.5,NA
"1993-09-01",670,34.7,28
"1993-12-01",670,35.4,28
"1994-03-01",680,38.1,28
"1994-06-01",680,40.5,29
"1994-09-01",680,38.3,30
"1994-12-01",670,37.8,NA
"1995-03-01",672,38,31
"1995-06-01",698,40,NA
"1995-09-01",693,39.2,33
"1995-12-01",695,39,NA
"1996-03-01",715,37,36
"1996-06-01",719,38,NA
"1996-09-01",743,39.8,NA
"1996-12-01",691,38,NA
"1997-03-01",690,39.5,38
"1997-06-01",515,34.9,NA
"1997-09-01",335,26.8,38
"1997-12-01",246,19.2,38
"1998-03-01",263,15.6,37
"1998-06-01",324,17.6,38
"1998-09-01",299,16.1,39
