"well_name","date","water_depth_m"
"TH-1","1992-12-15",15.2
"TH-1","1993-02-15",15.1
"TH-1","1993-03-15",15.2
"TH-1","1993-04-15",15.5
"TH-1","1993-05-15",15.8
"TH-1","1993-06-15",16.2
"TH-1","1993-07-15",16.4
"TH-1","1993-08-15",17.5
"TH-1","1993-09-15",17.2
"TH-1","1993-10-15",16.8
"TH-1","1993-11-15",17
"TH-1","1993-12-15",17.7
"TH-1","1994-02-15",17
"TH-1","1994-03-15",17
"TH-1","1994-04-15",17.1
"TH-1","1994-05-15",17.1
"TH-1","1994-06-15",17.2
"TH-1","1994-07-15",17.4
"TH-1","1994-08-15",17.7
"TH-1","1994-09-15",17.4
"TH-1","1994-10-15",18.2
"TH-1","1994-11-15",18.2
"TH-1","1994-12-15",17.8
"TH-1","1995-02-15",18.2
"TH-1","1995-03-15",18.4
"TH-1","1995-04-15",18.3
"TH-1","1995-05-15",20
"TH-1","1995-06-15",21.3
"TH-1","1995-07-15",21.3
"TH-1","1995-08-15",21.3
"TH-1","1995-09-15",21.3
"TH-1","1995-10-15",21.3
"TH-1","1995-12-15",21.3
"TH-1","1997-07-15",16.5
"TH-1","1997-08-15",16.5
"TH-1","1997-09-15",16.5
"TH-1","1997-10-15",16.5
"TH-1","1997-11-15",16.8
"TH-1","1997-12-15",16.8
"TH-1","1998-02-15",16.1
"TH-1","1998-03-15",16.2
"TH-1","1998-04-15",16.2
"TH-1","1998-05-15",16.4
"TH-1","1998-06-15",14.9
"TH-1","1998-07-15",15.9
"TH-2","1989-02-15",18.9
"TH-2","1989-03-15",18.7
"TH-2","1993-03-15",19.2
"TH-2","1993-04-15",19.4
"TH-2","1993-05-15",19.5
"TH-2","1993-06-15",19.7
"TH-2","1993-07-15",19.9
"TH-2","1993-08-15",20.2
"TH-2","1993-09-15",21.4
"TH-2","1993-10-15",21.3
"TH-2","1993-11-15",21
"TH-2","1993-12-15",21
"TH-2","1994-02-15",21
"TH-2","1994-03-15",21
"TH-2","1994-04-15",21.1
"TH-2","1994-05-15",21.3
"TH-2","1994-06-15",21.1
"TH-2","1994-07-15",21.1
"TH-2","1994-08-15",21.4
"TH-2","1994-09-15",22.1
"TH-2","1994-10-15",21.6
"TH-2","1994-11-15",21.9
"TH-2","1994-12-15",22
"TH-2","1995-02-15",21.9
"TH-2","1995-03-15",22
"TH-2","1995-04-15",22.1
"TH-2","1995-05-15",22.1
"TH-2","1995-06-15",22.3
"TH-2","1995-07-15",22.3
"TH-2","1995-08-15",22.5
"TH-2","1995-09-15",22.6
"TH-2","1995-10-15",22.8
"TH-2","1995-11-15",23.3
"TH-2","1996-02-15",24.2
"TH-2","1996-03-15",23.6
"TH-2","1996-05-15",21.8
"TH-2","1996-07-15",21.9
"TH-2","1996-08-15",21.9
"TH-2","1996-09-15",22.8
"TH-2","1996-10-15",21.7
"TH-2","1996-11-15",21.3
"TH-2","1996-12-15",21.3
"TH-2","1997-05-15",21.3
"TH-2","1997-06-15",21.3
"TH-2","1997-07-15",18.9
"TH-2","1997-08-15",20.6
"TH-2","1997-09-15",21.3
"TH-2","1997-10-15",21.1
"TH-2","1997-11-15",20.6
"TH-2","1997-12-15",20.9
"TH-2","1998-02-15",20.4
"TH-2","1998-03-15",20.4
"TH-2","1998-04-15",20.1
"TH-2","1998-05-15",20.1
"TH-2","1998-06-15",20
"TH-2","1998-07-15",20.3
"TH-2","1998-08-15",20.5
"TH-3","1989-02-15",9.8
"TH-3","1989-03-15",9.6
"TH-3","1993-03-15",9.9
"TH-3","1993-05-15",10.2
"TH-3","1993-06-15",10.2
"TH-3","1993-07-15",10.5
"TH-3","1993-08-15",10.8
"TH-3","1993-09-15",11
"TH-3","1993-10-15",12.2
"TH-3","1993-11-15",11.9
"TH-3","1993-12-15",11.7
"TH-3","1994-02-15",11.8
"TH-3","1994-03-15",11.7
"TH-3","1994-04-15",11.8
"TH-3","1994-05-15",11.9
"TH-3","1994-06-15",11.9
"TH-3","1994-07-15",11.9
"TH-3","1994-08-15",11.9
"TH-3","1994-09-15",12.2
"TH-3","1994-10-15",12.5
"TH-3","1994-11-15",12.5
"TH-3","1994-12-15",12.7
"TH-3","1995-02-15",12.9
"TH-3","1995-03-15",12.8
"TH-3","1995-04-15",12.7
"TH-3","1995-05-15",12.8
"TH-3","1995-06-15",12.8
"TH-3","1995-07-15",12.9
"TH-3","1995-08-15",12.9
"TH-3","1995-09-15",13.3
"TH-3","1995-10-15",13.3
"TH-3","1995-11-15",13.5
"TH-3","1995-12-15",14
"TH-3","1996-02-15",15
"TH-3","1996-03-15",15
"TH-3","1996-04-15",14.4
"TH-3","1996-06-15",12.2
"TH-3","1996-08-15",11.7
"TH-3","1996-09-15",11.9
"TH-3","1996-10-15",11.9
"TH-3","1996-11-15",11.9
"TH-3","1996-12-15",11.2
"TH-3","1997-02-15",11.2
"TH-3","1997-05-15",11.2
"TH-3","1997-06-15",11.2
"TH-3","1997-08-15",8.8
"TH-3","1997-09-15",10.9
"TH-3","1997-10-15",11.3
"TH-3","1997-11-15",11
"TH-3","1997-12-15",10.9
"TH-3","1998-02-15",11
"TH-3","1998-03-15",11
"TH-3","1998-04-15",10.7
"TH-3","1998-05-15",10.7
"TH-3","1998-06-15",10.7
"TH-3","1998-07-15",10.7
"TH-3","1998-08-15",10.7
"TH-3","1998-09-15",10.8
