feature,sample_date,date_precision,matched_well_name,location_type,external_location_code,location_name,TWH_C,TDH_C,T_NaKCa_C,pH,SiO2,Na,K,Ca,Mg,Li,HCO3,CO3,Cl,B,F,SO4,notes
CPI 21-5,1990-04-13,day,21-5,well,SOREY1992_21-5,"CPI production well 21-5",216,221,238,8.99,296,589,56,1.5,,5.5,166,41,737,40,2.5,114,"Flash-corrected UURI analysis; matched via existing Well_Aliases row '21-5' -> canonical 21-5R (well_id 94)."
CPI 83A-6,1990-04-12,day,83A-6,well,SOREY1992_83A-6,"CPI production well 83A-6",221,221,237,8.74,323,537,63,2.0,,5.5,181,30,697,38,2.5,102,"Flash-corrected UURI analysis. Resolved 2026-09-12 via exact NBMG Geothermal_Wells name match ('Well No. 83A-6', API 27-031-90080) -- see data/raw/wells/sorey1992_nbmg_resolved_wells.csv. Distinct from resolved '83B-6R'/'83C-6ST1'."
Cox 1-1,1981-04-30,day,Cox I-1,well,SOREY1992_Cox1-1,"CPI injection well Cox 1-1 (Cox well)",120,160,215,8.06,265,581,56,5.6,,7.4,323,,750,33,2.1,112,"AMTEC analysis. Injection well feeding the shallow thermal zone per Sorey & Colvard's conceptual model. Resolved 2026-09-12 via exact NBMG Geothermal_Wells name match ('Cox I-1', API 27-031-90051, flagged unresolved as 'COX-1'/'Cox1-1' in prior sessions) -- see data/raw/wells/sorey1992_nbmg_resolved_wells.csv and Well_Aliases."
SBG PW-1,1990-12-01,month,PW-1,well,SOREY1992_PW-1,"SB GEO production well PW-1",170,170,212,,276,618,59,16,0.8,,273,,811,42,2.0,118,"Total-flow analysis (Goranson 1991), sampled Dec 1990; day-of-month not given in source. Matches existing Wells row 'PW-1' (well_id 79, no coordinate currently on record)."
SBG PW-2,1990-12-01,month,PW-2,well,SOREY1992_PW-2,"SB GEO production well PW-2",170,170,217,,275,576,59,14,,,248,,802,36,2.1,101,"Total-flow analysis (Goranson 1991), sampled Dec 1990; day-of-month not given in source. Matches existing Wells row 'PW-2' (well_id 80)."
SBG PW-3,1990-12-01,month,PW-3,well,SOREY1992_PW-3,"SB GEO production well PW-3",170,170,218,,293,613,62,13,,,233,,811,37,2.1,102,"Total-flow analysis (Goranson 1991), sampled Dec 1990; day-of-month not given in source. Matches existing Wells row 'PW-3' (well_id 81)."
Hot spring 6,1977-06-10,day,,spring,SOREY1992_Spring6,"Hot spring 6, main terrace ACEC",97,,217,7.4,214,660,65,6.8,0.016,7.8,387,,871,48,2.2,123,"Analysis from Nehring (1980), reused by Sorey & Colvard. 'Spring 6' on the main terrace ceased flowing entirely by 1987 per the same report -- exactly the class of historically-active-now-dormant spring this project's Lower Sinter Terrace remapping is designed to find evidence of. Not currently a Locations row in this database; created as a new, coordinate-less provisional Locations row."
Well GS-58,1950-01-01,year,GS-5,well,SOREY1992_GS-58,"Well GS-5, 1950 sample (White 1968)",,173,,,,,,,,,,,820,,,,"From White (1968); year-only date, day/month unknown (stored as Jan 1 with date_precision='year' flag). RESOLVED 2026-09-12: 'GS-58' is an OCR artifact, not a real well name -- re-reading the report's raw table text shows footnote superscript '8' ('From White (1968).') fused onto 'GS-5' by the PDF's OCR layer. The real well is GS-5 (NBMG API 27-031-80055, a pre-Ormat USGS 1950-51 test hole, Sec 33 T18N R20E) -- see data/raw/wells/sorey1992_nbmg_resolved_wells.csv. Kept as its own dated sample/location row (distinct from the GS-59/new-seep row below) since it represents a different date and a different point in the same OCR-garbled table."
Spring GS-59,1991-06-25,day,GS-5,seep,SOREY1992_GS-59,"New seep adjacent to well GS-5 (1991)",97,,234,8.87,,693,68,3,0,,98,70,1000,53.1,2.7,151,"Analysis by Nevada Division of Health Laboratory. RESOLVED 2026-09-12: 'GS-59' is also an OCR artifact -- footnote superscript '9' ('New seep adjacent to well GS-5, analysis by Nevada Division of Health Laboratory.') fused onto 'GS-5' by OCR, exactly the same failure mode as the GS-58 row above. This is a NEW SEEP 'adjacent to' well GS-5, not the well itself -- coordinate is copied from GS-5 as the best available approximation (see data/raw/wells/sorey1992_nbmg_resolved_wells.csv) but is explicitly NOT the seep's own exact location; treat with a wider positional uncertainty than a direct well match."
