date,logger_min,logger_max,logger_mean,logger_range,air_min,air_max,air_mean,air_range,diurnal_range_ratio,logger_id,logger_name,flag_air_like
2026-07-14,53.2,53.4,53.3578125,0.19999999999999574,15.4,32.2,21.565156794425086,16.800000000000004,0.011904761904761647,1,A001,FALSE
2026-07-15,53.1,53.6,53.38854166666667,0.5,13.1,34.4,23.394425087108015,21.299999999999997,0.02347417840375587,1,A001,FALSE
2026-07-16,53.3,53.7,53.51979166666667,0.4000000000000057,14.5,34.2,24.21707317073171,19.700000000000003,0.020304568527919068,1,A001,FALSE
2026-07-17,53.2,53.8,53.52118055555555,0.5999999999999943,10.3,35,22.96759581881533,24.7,0.024291497975708273,1,A001,FALSE
2026-07-18,53.3,53.7,53.56388888888889,0.4000000000000057,11.8,36.2,23.395818815331012,24.400000000000002,0.01639344262295105,1,A001,FALSE
2026-07-19,53.4,53.9,53.69409722222222,0.5,14.7,35.8,25.249477351916376,21.099999999999998,0.023696682464454978,1,A001,FALSE
2026-07-20,53.6,54,53.826388888888886,0.3999999999999986,16.6,35.3,25.843205574912893,18.699999999999996,0.02139037433155073,1,A001,FALSE
2026-07-21,53.7,53.9,53.76979166666666,0.19999999999999574,17.9,33.8,24.96759581881533,15.899999999999999,0.012578616352200991,1,A001,FALSE
2026-07-22,53.6,54.1,53.86805555555556,0.5,15.7,36.1,24.10905923344948,20.400000000000002,0.024509803921568624,1,A001,FALSE
2026-07-23,53.8,54.2,54.00486111111111,0.4000000000000057,14.4,37.3,25.341114982578397,22.9,0.017467248908297192,1,A001,FALSE
2026-07-24,53.7,54.2,53.97743055555556,0.5,11.5,38.1,24.34912891986063,26.6,0.018796992481203006,1,A001,FALSE
2026-07-25,53.7,54.1,53.93125,0.3999999999999986,12.4,37.2,24.602090592334495,24.800000000000004,0.016129032258064457,1,A001,FALSE
2026-07-26,53.6,54,53.84722222222222,0.3999999999999986,8.8,34.9,22.21602787456446,26.099999999999998,0.015325670498084238,1,A001,FALSE
2026-07-27,53.6,54.1,53.83576388888889,0.5,7.6,34.5,21.463414634146343,26.9,0.01858736059479554,1,A001,FALSE
2026-07-28,53.6,54.1,53.856944444444444,0.5,8.5,34.9,21.538675958188154,26.4,0.01893939393939394,1,A001,FALSE
2026-07-29,53.7,54.1,53.91458333333333,0.3999999999999986,10.4,35.2,22.986411149825784,24.800000000000004,0.016129032258064457,1,A001,FALSE
2026-07-30,53.6,54.1,53.892361111111114,0.5,9.4,35.9,22.54878048780488,26.5,0.018867924528301886,1,A001,FALSE
2026-07-31,53.5,54,53.81736111111111,0.5,9,36.9,22.925783972125437,27.9,0.01792114695340502,1,A001,FALSE
2026-08-01,53.5,54,53.798611111111114,0.5,10.5,38.2,23.846341463414635,27.700000000000003,0.018050541516245487,1,A001,FALSE
2026-08-02,53.5,54,53.80416666666667,0.5,9,37.5,23.399303135888502,28.5,0.017543859649122806,1,A001,FALSE
2026-08-03,53.5,54.1,53.81666666666667,0.6000000000000014,9.1,35.4,22.358885017421603,26.299999999999997,0.022813688212927813,1,A001,FALSE
2026-08-04,53.6,54.1,53.87430555555556,0.5,11.4,36.6,24.03205574912892,25.200000000000003,0.01984126984126984,1,A001,FALSE
2026-08-05,53.7,54.1,53.89930555555556,0.3999999999999986,12.8,38.5,24.699303135888503,25.7,0.015564202334630295,1,A001,FALSE
2026-08-06,53.6,54.2,53.922916666666666,0.6000000000000014,12.4,38.4,24.93205574912892,26,0.02307692307692313,1,A001,FALSE
2026-08-07,53.8,54.3,54.05416666666667,0.5,14.6,38.7,26.342160278745645,24.1,0.02074688796680498,1,A001,FALSE
2026-08-08,54,54.4,54.19479166666667,0.3999999999999986,18.3,39.4,27.82404181184669,21.099999999999998,0.018957345971563917,1,A001,FALSE
2026-08-09,54,54.4,54.22013888888889,0.3999999999999986,16.4,37.4,26.76794425087108,21,0.01904761904761898,1,A001,FALSE
2026-08-10,53.9,54.3,54.11527777777778,0.3999999999999986,13.5,37.4,24.91149825783972,23.9,0.01673640167364011,1,A001,FALSE
2026-08-11,53.9,54.7,54.21666666666667,0.8000000000000043,13.8,37,25.15540069686411,23.2,0.03448275862068984,1,A001,FALSE
2026-08-12,54,54.7,54.502430555555556,0.7000000000000028,11.8,35.5,22.938675958188153,23.7,0.029535864978903075,1,A001,FALSE
2026-08-13,54.1,54.4,54.18229166666667,0.29999999999999716,13.5,28,19.337282229965158,14.5,0.0206896551724136,1,A001,FALSE
2026-08-14,53.9,54.3,54.111111111111114,0.3999999999999986,10.5,31,19.856445993031357,20.5,0.01951219512195115,1,A001,FALSE
2026-08-15,53.9,54.3,54.10520833333333,0.3999999999999986,9.5,31.1,19.98432055749129,21.6,0.01851851851851845,1,A001,FALSE
2026-08-16,54,54.4,54.18333333333333,0.3999999999999986,10,32.7,21.109756097560975,22.700000000000003,0.017621145374449275,1,A001,FALSE
2026-08-17,54.1,54.4,54.24131944444444,0.29999999999999716,12.4,32.7,22.290940766550523,20.300000000000004,0.014778325123152566,1,A001,FALSE
2026-08-18,54.1,54.5,54.31875,0.3999999999999986,13.5,34.2,22.894773519163763,20.700000000000003,0.01932367149758447,1,A001,FALSE
2026-08-19,54.2,54.6,54.390972222222224,0.3999999999999986,12.1,35.7,23.33170731707317,23.6,0.01694915254237282,1,A001,FALSE
2026-08-20,54.1,54.6,54.4,0.5,10.6,35.6,22.800704225352113,25,0.02,1,A001,FALSE
2026-08-21,54.3,54.6,54.453472222222224,0.30000000000000426,13.1,35,23.190243902439025,21.9,0.013698630136986497,1,A001,FALSE
2026-08-22,54.4,54.7,54.494708994708994,0.30000000000000426,19.5,33.3,25.970034843205575,13.799999999999997,0.021739130434782924,1,A001,FALSE
2026-07-14,67.7,68.7,68.03606557377049,1,15.4,32.2,21.565156794425086,16.800000000000004,0.05952380952380951,2,A002,FALSE
2026-07-15,67.2,68.8,67.85902777777778,1.5999999999999943,13.1,34.4,23.394425087108015,21.299999999999997,0.07511737089201852,2,A002,FALSE
2026-07-16,66.2,68.2,67.0267361111111,2,14.5,34.2,24.21707317073171,19.700000000000003,0.1015228426395939,2,A002,FALSE
2026-07-17,65.9,68.3,66.90868055555556,2.3999999999999915,10.3,35,22.96759581881533,24.7,0.09716599190283366,2,A002,FALSE
2026-07-18,66.3,68.1,67.14236111111111,1.7999999999999972,11.8,36.2,23.395818815331012,24.400000000000002,0.07377049180327856,2,A002,FALSE
2026-07-19,67,68.3,67.54791666666667,1.2999999999999972,14.7,35.8,25.249477351916376,21.099999999999998,0.06161137440758281,2,A002,FALSE
2026-07-20,66.3,68.5,67.40069444444444,2.200000000000003,16.6,35.3,25.843205574912893,18.699999999999996,0.11764705882352959,2,A002,FALSE
2026-07-21,66.3,68.2,67.23923611111111,1.9000000000000057,17.9,33.8,24.96759581881533,15.899999999999999,0.11949685534591231,2,A002,FALSE
2026-07-22,66.2,68.4,67.06979166666666,2.200000000000003,15.7,36.1,24.10905923344948,20.400000000000002,0.10784313725490209,2,A002,FALSE
2026-07-23,65.2,68.1,66.53819444444444,2.8999999999999915,14.4,37.3,25.341114982578397,22.9,0.12663755458515247,2,A002,FALSE
2026-07-24,64.7,67.9,65.77326388888889,3.200000000000003,11.5,38.1,24.34912891986063,26.6,0.12030075187969935,2,A002,FALSE
2026-07-25,63.8,66.1,64.7375,2.299999999999997,12.4,37.2,24.602090592334495,24.800000000000004,0.09274193548387084,2,A002,FALSE
2026-07-26,64.1,67.1,65.090625,3,8.8,34.9,22.21602787456446,26.099999999999998,0.1149425287356322,2,A002,FALSE
2026-07-27,64,68,65.55972222222222,4,7.6,34.5,21.463414634146343,26.9,0.14869888475836432,2,A002,FALSE
2026-07-28,64.5,68.3,65.92916666666666,3.799999999999997,8.5,34.9,21.538675958188154,26.4,0.14393939393939384,2,A002,FALSE
2026-07-29,64.8,67.8,66.16215277777778,3,10.4,35.2,22.986411149825784,24.800000000000004,0.12096774193548385,2,A002,FALSE
2026-07-30,64,67.6,65.8079861111111,3.5999999999999943,9.4,35.9,22.54878048780488,26.5,0.13584905660377336,2,A002,FALSE
2026-07-31,64.3,67.5,65.47881944444444,3.200000000000003,9,36.9,22.925783972125437,27.9,0.11469534050179223,2,A002,FALSE
2026-08-01,63.6,66.5,64.89479166666666,2.8999999999999986,10.5,38.2,23.846341463414635,27.700000000000003,0.10469314079422376,2,A002,FALSE
2026-08-02,64.1,66.8,65.01215277777777,2.700000000000003,9,37.5,23.399303135888502,28.5,0.09473684210526326,2,A002,FALSE
2026-08-03,64.1,66.4,65.19722222222222,2.3000000000000114,9.1,35.4,22.358885017421603,26.299999999999997,0.08745247148289018,2,A002,FALSE
2026-08-04,64.3,66.5,65.32152777777777,2.200000000000003,11.4,36.6,24.03205574912892,25.200000000000003,0.08730158730158741,2,A002,FALSE
2026-08-05,64.3,66.3,65.11458333333333,2,12.8,38.5,24.699303135888503,25.7,0.07782101167315175,2,A002,FALSE
2026-08-06,64.2,67.4,65.43090277777777,3.200000000000003,12.4,38.4,24.93205574912892,26,0.12307692307692318,2,A002,FALSE
2026-08-07,65.6,68,66.75763888888889,2.4000000000000057,14.6,38.7,26.342160278745645,24.1,0.09958506224066413,2,A002,FALSE
2026-08-08,66.7,68.5,67.271875,1.7999999999999972,18.3,39.4,27.82404181184669,21.099999999999998,0.08530805687203778,2,A002,FALSE
2026-08-09,64.9,68.6,66.66111111111111,3.6999999999999886,16.4,37.4,26.76794425087108,21,0.17619047619047565,2,A002,FALSE
2026-08-10,63.2,67.8,65.84340277777778,4.599999999999994,13.5,37.4,24.91149825783972,23.9,0.1924686192468617,2,A002,FALSE
2026-08-11,65,67.6,66.02638888888889,2.5999999999999943,13.8,37,25.15540069686411,23.2,0.11206896551724113,2,A002,FALSE
2026-08-12,63.8,68.3,66.38819444444445,4.5,11.8,35.5,22.938675958188153,23.7,0.189873417721519,2,A002,FALSE
2026-08-13,65.4,67.7,66.440625,2.299999999999997,13.5,28,19.337282229965158,14.5,0.15862068965517223,2,A002,FALSE
2026-08-14,67.5,69.2,68.26597222222222,1.7000000000000028,10.5,31,19.856445993031357,20.5,0.08292682926829283,2,A002,FALSE
2026-08-15,67.9,69.6,68.63819444444445,1.6999999999999886,9.5,31.1,19.98432055749129,21.6,0.07870370370370318,2,A002,FALSE
2026-08-16,67.8,69.7,68.75868055555556,1.9000000000000057,10,32.7,21.109756097560975,22.700000000000003,0.0837004405286346,2,A002,FALSE
2026-08-17,67.9,69.8,68.70520833333333,1.8999999999999915,12.4,32.7,22.290940766550523,20.300000000000004,0.09359605911330006,2,A002,FALSE
2026-08-18,67.1,68.9,68.05486111111111,1.8000000000000114,13.5,34.2,22.894773519163763,20.700000000000003,0.08695652173913097,2,A002,FALSE
2026-08-19,67.1,69,67.92152777777778,1.9000000000000057,12.1,35.7,23.33170731707317,23.6,0.08050847457627142,2,A002,FALSE
2026-08-20,67.3,68.7,67.76354166666667,1.4000000000000057,10.6,35.6,22.800704225352113,25,0.05600000000000023,2,A002,FALSE
2026-08-21,67.3,68.7,67.91145833333333,1.4000000000000057,13.1,35,23.190243902439025,21.9,0.06392694063926967,2,A002,FALSE
2026-08-22,66.7,68,67.54010416666667,1.2999999999999972,19.5,33.3,25.970034843205575,13.799999999999997,0.09420289855072445,2,A002,FALSE
2026-07-14,19,31.2,25.758333333333333,12.2,15.4,32.2,21.565156794425086,16.800000000000004,0.7261904761904759,3,A003,TRUE
2026-07-15,22.5,32.6,30.036458333333332,10.100000000000001,13.1,34.4,23.394425087108015,21.299999999999997,0.47417840375586867,3,A003,FALSE
2026-07-16,29.6,32.3,31.210416666666667,2.6999999999999957,14.5,34.2,24.21707317073171,19.700000000000003,0.13705583756345155,3,A003,FALSE
2026-07-17,16.4,31.9,28.44826388888889,15.5,10.3,35,22.96759581881533,24.7,0.6275303643724697,3,A003,TRUE
2026-07-18,14.1,34.4,24.640625,20.299999999999997,11.8,36.2,23.395818815331012,24.400000000000002,0.8319672131147539,3,A003,TRUE
2026-07-19,17.1,35.1,26.18784722222222,18,14.7,35.8,25.249477351916376,21.099999999999998,0.8530805687203792,3,A003,TRUE
2026-07-20,14.4,48.5,29.360416666666666,34.1,16.6,35.3,25.843205574912893,18.699999999999996,1.8235294117647063,3,A003,TRUE
2026-07-21,15.4,45.5,24.542708333333334,30.1,17.9,33.8,24.96759581881533,15.899999999999999,1.8930817610062896,3,A003,TRUE
2026-07-22,14.6,49.7,28.52048611111111,35.1,15.7,36.1,24.10905923344948,20.400000000000002,1.7205882352941175,3,A003,TRUE
2026-07-23,9.1,50.1,27.127083333333335,41,14.4,37.3,25.341114982578397,22.9,1.7903930131004369,3,A003,TRUE
2026-07-24,7.6,49.6,25.92673611111111,42,11.5,38.1,24.34912891986063,26.6,1.5789473684210527,3,A003,TRUE
2026-07-25,6.4,47.2,24.612152777777776,40.800000000000004,12.4,37.2,24.602090592334495,24.800000000000004,1.6451612903225805,3,A003,TRUE
2026-07-26,3.7,46,23.32326388888889,42.3,8.8,34.9,22.21602787456446,26.099999999999998,1.620689655172414,3,A003,TRUE
2026-07-27,3.5,48.1,23.883333333333333,44.6,7.6,34.5,21.463414634146343,26.9,1.6579925650557623,3,A003,TRUE
2026-07-28,3.7,51.8,25.26875,48.099999999999994,8.5,34.9,21.538675958188154,26.4,1.8219696969696968,3,A003,TRUE
2026-07-29,6.6,50.6,25.406944444444445,44,10.4,35.2,22.986411149825784,24.800000000000004,1.7741935483870965,3,A003,TRUE
2026-07-30,4.7,51,25.021180555555556,46.3,9.4,35.9,22.54878048780488,26.5,1.7471698113207546,3,A003,TRUE
2026-07-31,4.3,52.5,25.114930555555556,48.2,9,36.9,22.925783972125437,27.9,1.7275985663082438,3,A003,TRUE
2026-08-01,5.9,53.6,26.228125,47.7,10.5,38.2,23.846341463414635,27.700000000000003,1.7220216606498193,3,A003,TRUE
2026-08-02,4.4,52.7,25.30034722222222,48.300000000000004,9,37.5,23.399303135888502,28.5,1.6947368421052633,3,A003,TRUE
2026-08-03,5.3,50.6,26.07986111111111,45.300000000000004,9.1,35.4,22.358885017421603,26.299999999999997,1.722433460076046,3,A003,TRUE
2026-08-04,6.7,52.5,27.181597222222223,45.8,11.4,36.6,24.03205574912892,25.200000000000003,1.8174603174603172,3,A003,TRUE
2026-08-05,9.9,53.2,27.209027777777777,43.300000000000004,12.8,38.5,24.699303135888503,25.7,1.6848249027237356,3,A003,TRUE
2026-08-06,7.4,51,27.85972222222222,43.6,12.4,38.4,24.93205574912892,26,1.676923076923077,3,A003,TRUE
2026-08-07,10.7,56.2,28.508333333333333,45.5,14.6,38.7,26.342160278745645,24.1,1.887966804979253,3,A003,TRUE
2026-08-08,14.9,55.4,30.764930555555555,40.5,18.3,39.4,27.82404181184669,21.099999999999998,1.9194312796208532,3,A003,TRUE
2026-08-09,11.9,56.1,27.852083333333333,44.2,16.4,37.4,26.76794425087108,21,2.104761904761905,3,A003,TRUE
2026-08-10,8.5,49.8,26.071875,41.3,13.5,37.4,24.91149825783972,23.9,1.7280334728033473,3,A003,TRUE
2026-08-11,9.8,51.1,27.726041666666667,41.3,13.8,37,25.15540069686411,23.2,1.7801724137931034,3,A003,TRUE
2026-08-12,7.4,50.6,21.827083333333334,43.2,11.8,35.5,22.938675958188153,23.7,1.8227848101265824,3,A003,TRUE
2026-08-13,12.5,41.3,21.851041666666667,28.799999999999997,13.5,28,19.337282229965158,14.5,1.9862068965517239,3,A003,TRUE
2026-08-14,8.2,47.2,23.09409722222222,39,10.5,31,19.856445993031357,20.5,1.9024390243902438,3,A003,TRUE
2026-08-15,7.2,47.1,24.148958333333333,39.9,9.5,31.1,19.98432055749129,21.6,1.847222222222222,3,A003,TRUE
2026-08-16,6.5,48,25.009722222222223,41.5,10,32.7,21.109756097560975,22.700000000000003,1.8281938325991187,3,A003,TRUE
2026-08-17,8.9,53.2,24.938194444444445,44.300000000000004,12.4,32.7,22.290940766550523,20.300000000000004,2.1822660098522166,3,A003,TRUE
2026-08-18,10.4,51.2,27.037847222222222,40.800000000000004,13.5,34.2,22.894773519163763,20.700000000000003,1.971014492753623,3,A003,TRUE
2026-08-19,9,54.2,26.610416666666666,45.2,12.1,35.7,23.33170731707317,23.6,1.9152542372881356,3,A003,TRUE
2026-08-20,6.9,53.2,25.67673611111111,46.300000000000004,10.6,35.6,22.800704225352113,25,1.852,3,A003,TRUE
2026-08-21,9.8,53.4,27.367013888888888,43.599999999999994,13.1,35,23.190243902439025,21.9,1.9908675799086757,3,A003,TRUE
2026-08-22,17.1,46.4,31.239583333333332,29.299999999999997,19.5,33.3,25.970034843205575,13.799999999999997,2.1231884057971016,3,A003,TRUE
2026-07-14,39.1,40.5,39.344,1.3999999999999986,15.4,32.2,21.565156794425086,16.800000000000004,0.08333333333333323,4,A004,FALSE
2026-07-15,38.9,40.3,39.36493055555555,1.3999999999999986,13.1,34.4,23.394425087108015,21.299999999999997,0.06572769953051637,4,A004,FALSE
2026-07-16,38.6,40.2,39.09375,1.6000000000000014,14.5,34.2,24.21707317073171,19.700000000000003,0.08121827411167519,4,A004,FALSE
2026-07-17,38.4,40.1,39.07743055555556,1.7000000000000028,10.3,35,22.96759581881533,24.7,0.06882591093117421,4,A004,FALSE
2026-07-18,38.6,40.1,39.25833333333333,1.5,11.8,36.2,23.395818815331012,24.400000000000002,0.061475409836065566,4,A004,FALSE
2026-07-19,38.9,40.5,39.60381944444445,1.6000000000000014,14.7,35.8,25.249477351916376,21.099999999999998,0.075829383886256,4,A004,FALSE
2026-07-20,39.1,40.5,39.76006944444445,1.3999999999999986,16.6,35.3,25.843205574912893,18.699999999999996,0.07486631016042775,4,A004,FALSE
2026-07-21,39.2,40,39.59861111111111,0.7999999999999972,17.9,33.8,24.96759581881533,15.899999999999999,0.050314465408804854,4,A004,FALSE
2026-07-22,39.2,40.8,39.807291666666664,1.5999999999999943,15.7,36.1,24.10905923344948,20.400000000000002,0.07843137254901932,4,A004,FALSE
2026-07-23,39.1,40.8,39.71076388888889,1.6999999999999957,14.4,37.3,25.341114982578397,22.9,0.07423580786026182,4,A004,FALSE
2026-07-24,38.8,40.7,39.35798611111111,1.9000000000000057,11.5,38.1,24.34912891986063,26.6,0.07142857142857163,4,A004,FALSE
2026-07-25,38.6,40.4,39.07951388888889,1.7999999999999972,12.4,37.2,24.602090592334495,24.800000000000004,0.07258064516129019,4,A004,FALSE
2026-07-26,38.2,40.3,38.84861111111111,2.0999999999999943,8.8,34.9,22.21602787456446,26.099999999999998,0.08045977011494232,4,A004,FALSE
2026-07-27,38.1,40.2,38.86701388888889,2.1000000000000014,7.6,34.5,21.463414634146343,26.9,0.07806691449814132,4,A004,FALSE
2026-07-28,38.2,40.2,39.15416666666667,2,8.5,34.9,21.538675958188154,26.4,0.07575757575757576,4,A004,FALSE
2026-07-29,38.4,40.4,39.16875,2,10.4,35.2,22.986411149825784,24.800000000000004,0.08064516129032256,4,A004,FALSE
2026-07-30,38.2,40.3,39.00798611111111,2.0999999999999943,9.4,35.9,22.54878048780488,26.5,0.07924528301886771,4,A004,FALSE
2026-07-31,38.1,40.3,38.89618055555555,2.1999999999999957,9,36.9,22.925783972125437,27.9,0.07885304659498193,4,A004,FALSE
2026-08-01,38.1,40.3,38.996875,2.1999999999999957,10.5,38.2,23.846341463414635,27.700000000000003,0.07942238267147998,4,A004,FALSE
2026-08-02,38,40.3,38.953472222222224,2.299999999999997,9,37.5,23.399303135888502,28.5,0.08070175438596482,4,A004,FALSE
2026-08-03,38.1,40.2,39.10277777777778,2.1000000000000014,9.1,35.4,22.358885017421603,26.299999999999997,0.0798479087452472,4,A004,FALSE
2026-08-04,38.3,40.2,39.19756944444445,1.9000000000000057,11.4,36.6,24.03205574912892,25.200000000000003,0.07539682539682561,4,A004,FALSE
2026-08-05,38.5,40.3,39.15416666666667,1.7999999999999972,12.8,38.5,24.699303135888503,25.7,0.07003891050583647,4,A004,FALSE
2026-08-06,38.4,40.4,39.14201388888889,2,12.4,38.4,24.93205574912892,26,0.07692307692307693,4,A004,FALSE
2026-08-07,38.6,40.6,39.595486111111114,2,14.6,38.7,26.342160278745645,24.1,0.08298755186721991,4,A004,FALSE
2026-08-08,39.2,40.6,39.81597222222222,1.3999999999999986,18.3,39.4,27.82404181184669,21.099999999999998,0.06635071090047387,4,A004,FALSE
2026-08-09,39.1,40.9,39.72152777777778,1.7999999999999972,16.4,37.4,26.76794425087108,21,0.08571428571428558,4,A004,FALSE
2026-08-10,38.8,40.5,39.29618055555556,1.7000000000000028,13.5,37.4,24.91149825783972,23.9,0.07112970711297084,4,A004,FALSE
2026-08-11,38.7,40.6,39.34861111111111,1.8999999999999986,13.8,37,25.15540069686411,23.2,0.08189655172413787,4,A004,FALSE
2026-08-12,38.6,40.3,39.28819444444444,1.6999999999999957,11.8,35.5,22.938675958188153,23.7,0.07172995780590699,4,A004,FALSE
2026-08-13,38.9,40.6,39.403125,1.7000000000000028,13.5,28,19.337282229965158,14.5,0.11724137931034502,4,A004,FALSE
2026-08-14,38.7,40.5,39.51215277777778,1.7999999999999972,10.5,31,19.856445993031357,20.5,0.08780487804878034,4,A004,FALSE
2026-08-15,38.7,40.5,39.42881944444444,1.7999999999999972,9.5,31.1,19.98432055749129,21.6,0.08333333333333319,4,A004,FALSE
2026-08-16,38.7,40.5,39.467708333333334,1.7999999999999972,10,32.7,21.109756097560975,22.700000000000003,0.0792951541850219,4,A004,FALSE
2026-08-17,38.9,40.3,39.45,1.3999999999999986,12.4,32.7,22.290940766550523,20.300000000000004,0.06896551724137923,4,A004,FALSE
2026-08-18,38.9,40.7,39.58263888888889,1.8000000000000043,13.5,34.2,22.894773519163763,20.700000000000003,0.08695652173913063,4,A004,FALSE
2026-08-19,38.8,40.7,39.60243055555556,1.9000000000000057,12.1,35.7,23.33170731707317,23.6,0.08050847457627142,4,A004,FALSE
2026-08-20,39,40.6,39.64479166666667,1.6000000000000014,10.6,35.6,22.800704225352113,25,0.06400000000000006,4,A004,FALSE
2026-08-21,39,40.6,39.59097222222222,1.6000000000000014,13.1,35,23.190243902439025,21.9,0.07305936073059367,4,A004,FALSE
2026-08-22,39.3,40.2,39.593258426966294,0.9000000000000057,19.5,33.3,25.970034843205575,13.799999999999997,0.06521739130434825,4,A004,FALSE
2026-07-14,46.6,69.7,61.17280701754386,23.1,15.4,32.2,21.565156794425086,16.800000000000004,1.3749999999999998,5,A005,TRUE
2026-07-15,39.5,72.2,55.76979166666667,32.7,13.1,34.4,23.394425087108015,21.299999999999997,1.5352112676056342,5,A005,TRUE
2026-07-16,38,53.9,46.041666666666664,15.899999999999999,14.5,34.2,24.21707317073171,19.700000000000003,0.8071065989847714,5,A005,TRUE
2026-07-17,35.2,54.9,44.57604166666667,19.699999999999996,10.3,35,22.96759581881533,24.7,0.797570850202429,5,A005,TRUE
2026-07-18,39.1,72,52.28923611111111,32.9,11.8,36.2,23.395818815331012,24.400000000000002,1.3483606557377048,5,A005,TRUE
2026-07-19,42.9,68.1,51.93298611111111,25.199999999999996,14.7,35.8,25.249477351916376,21.099999999999998,1.1943127962085307,5,A005,TRUE
2026-07-20,39.1,64,48.868402777777774,24.9,16.6,35.3,25.843205574912893,18.699999999999996,1.3315508021390376,5,A005,TRUE
2026-07-21,38,67.6,49.78263888888889,29.599999999999994,17.9,33.8,24.96759581881533,15.899999999999999,1.861635220125786,5,A005,TRUE
2026-07-22,39.7,66.3,51.98784722222222,26.599999999999994,15.7,36.1,24.10905923344948,20.400000000000002,1.3039215686274506,5,A005,TRUE
2026-07-23,39.9,66.7,48.51909722222222,26.800000000000004,14.4,37.3,25.341114982578397,22.9,1.1703056768558955,5,A005,TRUE
2026-07-24,38.4,68.7,47.67951388888889,30.300000000000004,11.5,38.1,24.34912891986063,26.6,1.1390977443609023,5,A005,TRUE
2026-07-25,36.3,54.7,43.93298611111111,18.400000000000006,12.4,37.2,24.602090592334495,24.800000000000004,0.7419354838709679,5,A005,TRUE
2026-07-26,40.1,69.8,51.75729166666667,29.699999999999996,8.8,34.9,22.21602787456446,26.099999999999998,1.1379310344827585,5,A005,TRUE
2026-07-27,41,71.9,52.59375,30.900000000000006,7.6,34.5,21.463414634146343,26.9,1.1486988847583646,5,A005,TRUE
2026-07-28,37.2,56.6,45.63993055555556,19.4,8.5,34.9,21.538675958188154,26.4,0.7348484848484849,5,A005,TRUE
2026-07-29,34.3,54.7,43.384375,20.400000000000006,10.4,35.2,22.986411149825784,24.800000000000004,0.8225806451612904,5,A005,TRUE
2026-07-30,38.7,74,57.36701388888889,35.3,9.4,35.9,22.54878048780488,26.5,1.3320754716981131,5,A005,TRUE
2026-07-31,58.9,76,66.99305555555556,17.1,9,36.9,22.925783972125437,27.9,0.6129032258064517,5,A005,TRUE
2026-08-01,54,76.6,67.01770833333333,22.599999999999994,10.5,38.2,23.846341463414635,27.700000000000003,0.8158844765342957,5,A005,TRUE
2026-08-02,40.9,72.5,56.82326388888889,31.6,9,37.5,23.399303135888502,28.5,1.1087719298245615,5,A005,TRUE
2026-08-03,42,72.7,54.08159722222222,30.700000000000003,9.1,35.4,22.358885017421603,26.299999999999997,1.1673003802281372,5,A005,TRUE
2026-08-04,42,75.1,60.528125,33.099999999999994,11.4,36.6,24.03205574912892,25.200000000000003,1.313492063492063,5,A005,TRUE
2026-08-05,61.5,78.7,69.75034722222222,17.200000000000003,12.8,38.5,24.699303135888503,25.7,0.6692607003891052,5,A005,TRUE
2026-08-06,67.6,77.4,72.53854166666666,9.800000000000011,12.4,38.4,24.93205574912892,26,0.37692307692307736,5,A005,FALSE
2026-08-07,66.2,78.9,74.02361111111111,12.700000000000003,14.6,38.7,26.342160278745645,24.1,0.5269709543568466,5,A005,FALSE
2026-08-08,67.8,79.9,73.94131944444445,12.100000000000009,18.3,39.4,27.82404181184669,21.099999999999998,0.5734597156398109,5,A005,FALSE
2026-08-09,65.3,79.5,71.49097222222223,14.200000000000003,16.4,37.4,26.76794425087108,21,0.6761904761904763,5,A005,TRUE
2026-08-10,62.7,75.5,69.66979166666667,12.799999999999997,13.5,37.4,24.91149825783972,23.9,0.5355648535564853,5,A005,FALSE
2026-08-11,64.6,77.7,70.41631944444444,13.100000000000009,13.8,37,25.15540069686411,23.2,0.5646551724137935,5,A005,FALSE
2026-08-12,21.7,76.3,54.026041666666664,54.599999999999994,11.8,35.5,22.938675958188153,23.7,2.3037974683544302,5,A005,TRUE
2026-08-13,35.5,67.1,53.23715277777778,31.599999999999994,13.5,28,19.337282229965158,14.5,2.1793103448275857,5,A005,TRUE
2026-08-14,63.2,76.5,70.76527777777778,13.299999999999997,10.5,31,19.856445993031357,20.5,0.648780487804878,5,A005,TRUE
2026-08-15,70.1,79.3,74.19097222222223,9.200000000000003,9.5,31.1,19.98432055749129,21.6,0.42592592592592604,5,A005,FALSE
2026-08-16,72.1,79.7,75.39791666666667,7.6000000000000085,10,32.7,21.109756097560975,22.700000000000003,0.33480176211453777,5,A005,FALSE
2026-08-17,67.8,77.9,73.61631944444444,10.100000000000009,12.4,32.7,22.290940766550523,20.300000000000004,0.4975369458128082,5,A005,FALSE
2026-08-18,67.9,77.8,73.71875,9.899999999999991,13.5,34.2,22.894773519163763,20.700000000000003,0.4782608695652169,5,A005,FALSE
2026-08-19,65.5,77.6,71.52638888888889,12.099999999999994,12.1,35.7,23.33170731707317,23.6,0.5127118644067794,5,A005,FALSE
2026-08-20,68.5,78,73.23368055555555,9.5,10.6,35.6,22.800704225352113,25,0.38,5,A005,FALSE
2026-08-21,68.3,78.4,73.596875,10.100000000000009,13.1,35,23.190243902439025,21.9,0.46118721461187256,5,A005,FALSE
2026-08-22,65.2,76.2,72.46630434782608,11,19.5,33.3,25.970034843205575,13.799999999999997,0.7971014492753625,5,A005,TRUE
2026-07-14,73.8,76.8,75.3984962406015,3,15.4,32.2,21.565156794425086,16.800000000000004,0.17857142857142852,8,A009,FALSE
2026-07-15,74.6,76.9,76.15034722222222,2.3000000000000114,13.1,34.4,23.394425087108015,21.299999999999997,0.10798122065727754,8,A009,FALSE
2026-07-16,74.6,76.8,75.89930555555556,2.200000000000003,14.5,34.2,24.21707317073171,19.700000000000003,0.11167512690355343,8,A009,FALSE
2026-07-17,74.8,76.8,76.00763888888889,2,10.3,35,22.96759581881533,24.7,0.08097165991902834,8,A009,FALSE
2026-07-18,74.3,76.9,75.82291666666667,2.6000000000000085,11.8,36.2,23.395818815331012,24.400000000000002,0.10655737704918067,8,A009,FALSE
2026-07-19,75.3,77,76.19722222222222,1.7000000000000028,14.7,35.8,25.249477351916376,21.099999999999998,0.08056872037914706,8,A009,FALSE
2026-07-20,74.9,77.2,75.9888888888889,2.299999999999997,16.6,35.3,25.843205574912893,18.699999999999996,0.122994652406417,8,A009,FALSE
2026-07-21,75.2,76.8,76.12638888888888,1.5999999999999943,17.9,33.8,24.96759581881533,15.899999999999999,0.10062893081760971,8,A009,FALSE
2026-07-22,74.8,77,76.03090277777778,2.200000000000003,15.7,36.1,24.10905923344948,20.400000000000002,0.10784313725490209,8,A009,FALSE
2026-07-23,74.6,76.8,75.96111111111111,2.200000000000003,14.4,37.3,25.341114982578397,22.9,0.09606986899563331,8,A009,FALSE
2026-07-24,73.9,76.6,75.69270833333333,2.6999999999999886,11.5,38.1,24.34912891986063,26.6,0.1015037593984958,8,A009,FALSE
2026-07-25,73.1,76.9,75.28541666666666,3.8000000000000114,12.4,37.2,24.602090592334495,24.800000000000004,0.15322580645161332,8,A009,FALSE
2026-07-26,73.5,76.4,75.46979166666667,2.9000000000000057,8.8,34.9,22.21602787456446,26.099999999999998,0.11111111111111134,8,A009,FALSE
2026-07-27,74,76.7,75.52465277777777,2.700000000000003,7.6,34.5,21.463414634146343,26.9,0.10037174721189603,8,A009,FALSE
2026-07-28,74.1,76.4,75.66875,2.3000000000000114,8.5,34.9,21.538675958188154,26.4,0.08712121212121256,8,A009,FALSE
2026-07-29,74.9,76.3,75.71875,1.3999999999999915,10.4,35.2,22.986411149825784,24.800000000000004,0.05645161290322545,8,A009,FALSE
2026-07-30,74.6,76.4,75.69444444444444,1.8000000000000114,9.4,35.9,22.54878048780488,26.5,0.06792452830188722,8,A009,FALSE
2026-07-31,73.4,76.4,75.44791666666667,3,9,36.9,22.925783972125437,27.9,0.10752688172043011,8,A009,FALSE
2026-08-01,74.6,76.4,75.78645833333333,1.8000000000000114,10.5,38.2,23.846341463414635,27.700000000000003,0.06498194945848416,8,A009,FALSE
2026-08-02,62.8,76.7,75.19097222222223,13.900000000000006,9,37.5,23.399303135888502,28.5,0.4877192982456142,8,A009,FALSE
2026-08-03,74.9,76.3,75.72430555555556,1.3999999999999915,9.1,35.4,22.358885017421603,26.299999999999997,0.053231939163497784,8,A009,FALSE
2026-08-04,75.3,76.6,75.95208333333333,1.2999999999999972,11.4,36.6,24.03205574912892,25.200000000000003,0.051587301587301466,8,A009,FALSE
2026-08-05,74.2,76.6,75.69722222222222,2.3999999999999915,12.8,38.5,24.699303135888503,25.7,0.09338521400778177,8,A009,FALSE
2026-08-06,74.1,76.3,75.69409722222223,2.200000000000003,12.4,38.4,24.93205574912892,26,0.08461538461538473,8,A009,FALSE
2026-08-07,75,76.6,76.00590277777778,1.5999999999999943,14.6,38.7,26.342160278745645,24.1,0.0663900414937757,8,A009,FALSE
2026-08-08,74.9,76.7,76.11840277777777,1.7999999999999972,18.3,39.4,27.82404181184669,21.099999999999998,0.08530805687203778,8,A009,FALSE
2026-08-09,74.3,76.8,75.73576388888888,2.5,16.4,37.4,26.76794425087108,21,0.11904761904761904,8,A009,FALSE
2026-08-10,72.7,76.5,75.25347222222223,3.799999999999997,13.5,37.4,24.91149825783972,23.9,0.15899581589958148,8,A009,FALSE
2026-08-11,73.4,76.4,75.41631944444444,3,13.8,37,25.15540069686411,23.2,0.12931034482758622,8,A009,FALSE
2026-08-12,73.6,76.3,75.20590277777778,2.700000000000003,11.8,35.5,22.938675958188153,23.7,0.11392405063291151,8,A009,FALSE
2026-08-13,73.7,76.2,75.14097222222222,2.5,13.5,28,19.337282229965158,14.5,0.1724137931034483,8,A009,FALSE
2026-08-14,74.1,76.3,75.48194444444445,2.200000000000003,10.5,31,19.856445993031357,20.5,0.10731707317073184,8,A009,FALSE
2026-08-15,74.7,76.4,75.54444444444445,1.7000000000000028,9.5,31.1,19.98432055749129,21.6,0.07870370370370383,8,A009,FALSE
2026-08-16,75.1,76.5,75.85520833333334,1.4000000000000057,10,32.7,21.109756097560975,22.700000000000003,0.06167400881057293,8,A009,FALSE
2026-08-17,74.5,76.5,75.77881944444445,2,12.4,32.7,22.290940766550523,20.300000000000004,0.0985221674876847,8,A009,FALSE
2026-08-18,74.8,76.4,75.75833333333334,1.6000000000000085,13.5,34.2,22.894773519163763,20.700000000000003,0.07729468599033856,8,A009,FALSE
2026-08-19,74,76.4,75.5826388888889,2.4000000000000057,12.1,35.7,23.33170731707317,23.6,0.10169491525423752,8,A009,FALSE
2026-08-20,75.1,76.4,75.84409722222222,1.3000000000000114,10.6,35.6,22.800704225352113,25,0.052000000000000456,8,A009,FALSE
2026-08-21,74.3,76.5,75.65381944444445,2.200000000000003,13.1,35,23.190243902439025,21.9,0.10045662100456634,8,A009,FALSE
2026-08-22,73.2,76.4,75.07978723404256,3.200000000000003,19.5,33.3,25.970034843205575,13.799999999999997,0.23188405797101475,8,A009,FALSE
2026-07-14,60,61.3,60.972580645161294,1.2999999999999972,15.4,32.2,21.565156794425086,16.800000000000004,0.07738095238095219,9,A010,FALSE
2026-07-15,60.2,61.6,61.158680555555556,1.3999999999999986,13.1,34.4,23.394425087108015,21.299999999999997,0.06572769953051637,9,A010,FALSE
2026-07-16,60.5,61.8,61.290625,1.2999999999999972,14.5,34.2,24.21707317073171,19.700000000000003,0.06598984771573589,9,A010,FALSE
2026-07-17,60.6,61.8,61.36597222222222,1.1999999999999957,10.3,35,22.96759581881533,24.7,0.04858299595141683,9,A010,FALSE
2026-07-18,60.3,61.7,61.15694444444444,1.4000000000000057,11.8,36.2,23.395818815331012,24.400000000000002,0.0573770491803281,9,A010,FALSE
2026-07-19,60.4,61.9,61.425,1.5,14.7,35.8,25.249477351916376,21.099999999999998,0.07109004739336494,9,A010,FALSE
2026-07-20,60.6,62,61.50763888888889,1.3999999999999986,16.6,35.3,25.843205574912893,18.699999999999996,0.07486631016042775,9,A010,FALSE
2026-07-21,60.6,61.8,61.45381944444445,1.1999999999999957,17.9,33.8,24.96759581881533,15.899999999999999,0.07547169811320728,9,A010,FALSE
2026-07-22,60.5,62,61.497569444444444,1.5,15.7,36.1,24.10905923344948,20.400000000000002,0.07352941176470587,9,A010,FALSE
2026-07-23,60.7,62.2,61.577777777777776,1.5,14.4,37.3,25.341114982578397,22.9,0.06550218340611354,9,A010,FALSE
2026-07-24,60.6,62.1,61.51423611111111,1.5,11.5,38.1,24.34912891986063,26.6,0.05639097744360902,9,A010,FALSE
2026-07-25,60.2,61.8,61.38159722222222,1.5999999999999943,12.4,37.2,24.602090592334495,24.800000000000004,0.06451612903225783,9,A010,FALSE
2026-07-26,60.1,61.7,61.14375,1.6000000000000014,8.8,34.9,22.21602787456446,26.099999999999998,0.061302681992337224,9,A010,FALSE
2026-07-27,60.1,61.7,61.213541666666664,1.6000000000000014,7.6,34.5,21.463414634146343,26.9,0.05947955390334578,9,A010,FALSE
2026-07-28,60.1,61.7,61.16631944444445,1.6000000000000014,8.5,34.9,21.538675958188154,26.4,0.06060606060606066,9,A010,FALSE
2026-07-29,60.2,61.3,61.01875,1.0999999999999943,10.4,35.2,22.986411149825784,24.800000000000004,0.044354838709677186,9,A010,FALSE
2026-07-30,60.6,61.2,60.884375,0.6000000000000014,9.4,35.9,22.54878048780488,26.5,0.022641509433962318,9,A010,FALSE
2026-07-31,60.5,61.1,60.78854166666667,0.6000000000000014,9,36.9,22.925783972125437,27.9,0.021505376344086075,9,A010,FALSE
2026-08-01,60.4,61,60.72291666666667,0.6000000000000014,10.5,38.2,23.846341463414635,27.700000000000003,0.021660649819494632,9,A010,FALSE
2026-08-02,60.4,61.1,60.75277777777778,0.7000000000000028,9,37.5,23.399303135888502,28.5,0.02456140350877203,9,A010,FALSE
2026-08-03,59.7,60.5,59.95972222222222,0.7999999999999972,9.1,35.4,22.358885017421603,26.299999999999997,0.030418250950570238,9,A010,FALSE
2026-08-04,59.6,60.2,59.859375,0.6000000000000014,11.4,36.6,24.03205574912892,25.200000000000003,0.023809523809523864,9,A010,FALSE
2026-08-05,59.6,60.1,59.85347222222222,0.5,12.8,38.5,24.699303135888503,25.7,0.019455252918287938,9,A010,FALSE
2026-08-06,59.5,60.1,59.83958333333334,0.6000000000000014,12.4,38.4,24.93205574912892,26,0.02307692307692313,9,A010,FALSE
2026-08-07,59.7,60.3,60.028819444444444,0.5999999999999943,14.6,38.7,26.342160278745645,24.1,0.024896265560165737,9,A010,FALSE
2026-08-08,60.1,60.7,60.41736111111111,0.6000000000000014,18.3,39.4,27.82404181184669,21.099999999999998,0.028436018957346043,9,A010,FALSE
2026-08-09,60.5,60.9,60.67534722222222,0.3999999999999986,16.4,37.4,26.76794425087108,21,0.01904761904761898,9,A010,FALSE
2026-08-10,60.3,60.7,60.49375,0.4000000000000057,13.5,37.4,24.91149825783972,23.9,0.016736401673640405,9,A010,FALSE
2026-08-11,60.2,60.8,60.459722222222226,0.5999999999999943,13.8,37,25.15540069686411,23.2,0.025862068965516998,9,A010,FALSE
2026-08-12,58.5,61,60.644444444444446,2.5,11.8,35.5,22.938675958188153,23.7,0.10548523206751055,9,A010,FALSE
2026-08-13,60.2,60.9,60.51493055555556,0.6999999999999957,13.5,28,19.337282229965158,14.5,0.048275862068965225,9,A010,FALSE
2026-08-14,60.1,60.7,60.310069444444444,0.6000000000000014,10.5,31,19.856445993031357,20.5,0.029268292682926897,9,A010,FALSE
2026-08-15,59.8,60.4,60.135416666666664,0.6000000000000014,9.5,31.1,19.98432055749129,21.6,0.027777777777777842,9,A010,FALSE
2026-08-16,59.9,60.6,60.214930555555554,0.7000000000000028,10,32.7,21.109756097560975,22.700000000000003,0.030837004405286465,9,A010,FALSE
2026-08-17,60.1,60.7,60.394444444444446,0.6000000000000014,12.4,32.7,22.290940766550523,20.300000000000004,0.029556650246305483,9,A010,FALSE
2026-08-18,60.1,60.6,60.343402777777776,0.5,13.5,34.2,22.894773519163763,20.700000000000003,0.024154589371980673,9,A010,FALSE
2026-08-19,60.2,60.9,60.55972222222222,0.6999999999999957,12.1,35.7,23.33170731707317,23.6,0.02966101694915236,9,A010,FALSE
2026-08-20,60.3,60.7,60.47881944444445,0.4000000000000057,10.6,35.6,22.800704225352113,25,0.016000000000000226,9,A010,FALSE
2026-08-21,60.2,60.8,60.463541666666664,0.5999999999999943,13.1,35,23.190243902439025,21.9,0.027397260273972344,9,A010,FALSE
2026-08-22,60.3,60.6,60.50421052631579,0.30000000000000426,19.5,33.3,25.970034843205575,13.799999999999997,0.021739130434782924,9,A010,FALSE
2026-07-15,24.7,29.1,27.198507462686567,4.400000000000002,13.1,34.4,23.394425087108015,21.299999999999997,0.20657276995305177,10,A011,FALSE
2026-07-16,21.5,28.7,24.68888888888889,7.199999999999999,14.5,34.2,24.21707317073171,19.700000000000003,0.365482233502538,10,A011,FALSE
2026-07-17,20.1,28.6,23.97361111111111,8.5,10.3,35,22.96759581881533,24.7,0.3441295546558705,10,A011,FALSE
2026-07-18,20.5,28.9,24.077083333333334,8.399999999999999,11.8,36.2,23.395818815331012,24.400000000000002,0.34426229508196715,10,A011,FALSE
2026-07-19,21.3,27.9,24.448958333333334,6.599999999999998,14.7,35.8,25.249477351916376,21.099999999999998,0.31279620853080564,10,A011,FALSE
2026-07-20,22.4,29.1,25.418055555555554,6.700000000000003,16.6,35.3,25.843205574912893,18.699999999999996,0.35828877005347615,10,A011,FALSE
2026-07-21,23.4,27.1,24.958333333333332,3.700000000000003,17.9,33.8,24.96759581881533,15.899999999999999,0.23270440251572347,10,A011,FALSE
2026-07-22,22,30,25.455208333333335,8,15.7,36.1,24.10905923344948,20.400000000000002,0.392156862745098,10,A011,FALSE
2026-07-23,22.4,29.8,25.63576388888889,7.400000000000002,14.4,37.3,25.341114982578397,22.9,0.32314410480349354,10,A011,FALSE
2026-07-24,20.7,28.7,24.382291666666667,8,11.5,38.1,24.34912891986063,26.6,0.3007518796992481,10,A011,FALSE
2026-07-25,20,27.9,23.68576388888889,7.899999999999999,12.4,37.2,24.602090592334495,24.800000000000004,0.3185483870967741,10,A011,FALSE
2026-07-26,18.8,26.9,22.755208333333332,8.099999999999998,8.8,34.9,22.21602787456446,26.099999999999998,0.31034482758620685,10,A011,FALSE
2026-07-27,18.5,27.1,22.69826388888889,8.600000000000001,7.6,34.5,21.463414634146343,26.9,0.31970260223048336,10,A011,FALSE
2026-07-28,18.4,27.6,22.66701388888889,9.200000000000003,8.5,34.9,21.538675958188154,26.4,0.3484848484848486,10,A011,FALSE
2026-07-29,19,28.3,23.05625,9.3,10.4,35.2,22.986411149825784,24.800000000000004,0.37499999999999994,10,A011,FALSE
2026-07-30,19,27.5,23.069097222222222,8.5,9.4,35.9,22.54878048780488,26.5,0.32075471698113206,10,A011,FALSE
2026-07-31,18.8,27.3,22.872222222222224,8.5,9,36.9,22.925783972125437,27.9,0.3046594982078853,10,A011,FALSE
2026-08-01,19.1,28.7,23.36388888888889,9.599999999999998,10.5,38.2,23.846341463414635,27.700000000000003,0.34657039711191323,10,A011,FALSE
2026-08-02,19.4,27.4,23.203819444444445,8,9,37.5,23.399303135888502,28.5,0.2807017543859649,10,A011,FALSE
2026-08-03,19.7,27.1,23.208680555555556,7.400000000000002,9.1,35.4,22.358885017421603,26.299999999999997,0.2813688212927758,10,A011,FALSE
2026-08-04,19.8,27.8,23.628819444444446,8,11.4,36.6,24.03205574912892,25.200000000000003,0.31746031746031744,10,A011,FALSE
2026-08-05,21,28.4,24.348263888888887,7.399999999999999,12.8,38.5,24.699303135888503,25.7,0.28793774319066145,10,A011,FALSE
2026-08-06,20.9,28.1,24.339583333333334,7.200000000000003,12.4,38.4,24.93205574912892,26,0.27692307692307705,10,A011,FALSE
2026-08-07,21.3,27.9,24.43263888888889,6.599999999999998,14.6,38.7,26.342160278745645,24.1,0.27385892116182564,10,A011,FALSE
2026-08-08,22.4,29.2,25.147916666666667,6.800000000000001,18.3,39.4,27.82404181184669,21.099999999999998,0.32227488151658773,10,A011,FALSE
2026-08-09,22.1,28.1,24.803472222222222,6,16.4,37.4,26.76794425087108,21,0.2857142857142857,10,A011,FALSE
2026-08-10,20.6,27.6,24.004513888888887,7,13.5,37.4,24.91149825783972,23.9,0.29288702928870297,10,A011,FALSE
2026-08-11,20.5,28.1,23.93263888888889,7.600000000000001,13.8,37,25.15540069686411,23.2,0.32758620689655177,10,A011,FALSE
2026-08-12,20.2,25,22.498958333333334,4.800000000000001,11.8,35.5,22.938675958188153,23.7,0.20253164556962028,10,A011,FALSE
2026-08-13,20,23.6,21.695138888888888,3.6000000000000014,13.5,28,19.337282229965158,14.5,0.24827586206896562,10,A011,FALSE
2026-08-14,18.7,24.6,21.590972222222224,5.900000000000002,10.5,31,19.856445993031357,20.5,0.2878048780487806,10,A011,FALSE
2026-08-15,19.1,25.7,22.111805555555556,6.599999999999998,9.5,31.1,19.98432055749129,21.6,0.3055555555555554,10,A011,FALSE
2026-08-16,19.3,25.8,22.400694444444444,6.5,10,32.7,21.109756097560975,22.700000000000003,0.2863436123348017,10,A011,FALSE
2026-08-17,20.2,25.6,22.80763888888889,5.400000000000002,12.4,32.7,22.290940766550523,20.300000000000004,0.26600985221674883,10,A011,FALSE
2026-08-18,20.3,26.8,23.20798611111111,6.5,13.5,34.2,22.894773519163763,20.700000000000003,0.31400966183574874,10,A011,FALSE
2026-08-19,20,26.4,23.151041666666668,6.399999999999999,12.1,35.7,23.33170731707317,23.6,0.27118644067796605,10,A011,FALSE
2026-08-20,19.8,25.9,22.771527777777777,6.099999999999998,10.6,35.6,22.800704225352113,25,0.2439999999999999,10,A011,FALSE
2026-08-21,20.1,26,22.828125,5.899999999999999,13.1,35,23.190243902439025,21.9,0.26940639269406386,10,A011,FALSE
2026-08-22,21.1,25.4,22.339204545454546,4.299999999999997,19.5,33.3,25.970034843205575,13.799999999999997,0.3115942028985506,10,A011,FALSE
2026-07-14,20.4,24.4,22.622857142857143,4,15.4,32.2,21.565156794425086,16.800000000000004,0.23809523809523803,11,A012,FALSE
2026-07-15,17.8,25.7,21.52951388888889,7.899999999999999,13.1,34.4,23.394425087108015,21.299999999999997,0.3708920187793427,11,A012,FALSE
2026-07-16,18.2,26.1,21.872916666666665,7.900000000000002,14.5,34.2,24.21707317073171,19.700000000000003,0.401015228426396,11,A012,FALSE
2026-07-17,16.8,25.8,21.113194444444446,9,10.3,35,22.96759581881533,24.7,0.3643724696356275,11,A012,FALSE
2026-07-18,17.2,26,21.340972222222224,8.8,11.8,36.2,23.395818815331012,24.400000000000002,0.36065573770491804,11,A012,FALSE
2026-07-19,18.7,25.6,22.090625,6.900000000000002,14.7,35.8,25.249477351916376,21.099999999999998,0.32701421800947883,11,A012,FALSE
2026-07-20,19.6,26.6,22.96840277777778,7,16.6,35.3,25.843205574912893,18.699999999999996,0.37433155080213915,11,A012,FALSE
2026-07-21,20.9,24.9,22.702083333333334,4,17.9,33.8,24.96759581881533,15.899999999999999,0.25157232704402516,11,A012,FALSE
2026-07-22,19.3,27.7,23.165277777777778,8.399999999999999,15.7,36.1,24.10905923344948,20.400000000000002,0.4117647058823528,11,A012,FALSE
2026-07-23,19.3,27.2,23.1,7.899999999999999,14.4,37.3,25.341114982578397,22.9,0.3449781659388646,11,A012,FALSE
2026-07-24,17.8,25.8,21.810069444444444,8,11.5,38.1,24.34912891986063,26.6,0.3007518796992481,11,A012,FALSE
2026-07-25,17.7,25.3,21.36423611111111,7.600000000000001,12.4,37.2,24.602090592334495,24.800000000000004,0.3064516129032258,11,A012,FALSE
2026-07-26,16.5,24.4,20.389583333333334,7.899999999999999,8.8,34.9,22.21602787456446,26.099999999999998,0.3026819923371647,11,A012,FALSE
2026-07-27,15.5,24.6,20.008680555555557,9.100000000000001,7.6,34.5,21.463414634146343,26.9,0.3382899628252789,11,A012,FALSE
2026-07-28,15.7,25.1,20.26388888888889,9.400000000000002,8.5,34.9,21.538675958188154,26.4,0.35606060606060613,11,A012,FALSE
2026-07-29,16,25.4,20.655208333333334,9.399999999999999,10.4,35.2,22.986411149825784,24.800000000000004,0.379032258064516,11,A012,FALSE
2026-07-30,16.2,24.9,20.482291666666665,8.7,9.4,35.9,22.54878048780488,26.5,0.3283018867924528,11,A012,FALSE
2026-07-31,16.4,24.7,20.441666666666666,8.3,9,36.9,22.925783972125437,27.9,0.29749103942652333,11,A012,FALSE
2026-08-01,16.1,25.8,20.593055555555555,9.7,10.5,38.2,23.846341463414635,27.700000000000003,0.3501805054151624,11,A012,FALSE
2026-08-02,15.9,25.2,20.467708333333334,9.299999999999999,9,37.5,23.399303135888502,28.5,0.32631578947368417,11,A012,FALSE
2026-08-03,15.9,24.9,20.35972222222222,8.999999999999998,9.1,35.4,22.358885017421603,26.299999999999997,0.34220532319391633,11,A012,FALSE
2026-08-04,16.8,25.6,21.06388888888889,8.8,11.4,36.6,24.03205574912892,25.200000000000003,0.3492063492063492,11,A012,FALSE
2026-08-05,17.7,25.5,21.387847222222224,7.800000000000001,12.8,38.5,24.699303135888503,25.7,0.30350194552529186,11,A012,FALSE
2026-08-06,17.6,25.4,21.40972222222222,7.799999999999997,12.4,38.4,24.93205574912892,26,0.2999999999999999,11,A012,FALSE
2026-08-07,18.4,25.5,21.757638888888888,7.100000000000001,14.6,38.7,26.342160278745645,24.1,0.29460580912863077,11,A012,FALSE
2026-08-08,20,26.9,22.9875,6.899999999999999,18.3,39.4,27.82404181184669,21.099999999999998,0.32701421800947866,11,A012,FALSE
2026-08-09,19.7,25.6,22.263541666666665,5.900000000000002,16.4,37.4,26.76794425087108,21,0.28095238095238106,11,A012,FALSE
2026-08-10,18.4,24.8,21.39097222222222,6.400000000000002,13.5,37.4,24.91149825783972,23.9,0.26778242677824277,11,A012,FALSE
2026-08-11,18.7,25.2,21.476041666666667,6.5,13.8,37,25.15540069686411,23.2,0.2801724137931035,11,A012,FALSE
2026-08-12,18.4,22.3,19.971180555555556,3.900000000000002,11.8,35.5,22.938675958188153,23.7,0.16455696202531656,11,A012,FALSE
2026-08-13,18.3,21.5,19.814583333333335,3.1999999999999993,13.5,28,19.337282229965158,14.5,0.22068965517241373,11,A012,FALSE
2026-08-14,17.8,24,20.22013888888889,6.199999999999999,10.5,31,19.856445993031357,20.5,0.3024390243902439,11,A012,FALSE
2026-08-15,17.6,24.1,20.21388888888889,6.5,9.5,31.1,19.98432055749129,21.6,0.30092592592592593,11,A012,FALSE
2026-08-16,17,24.2,20.319791666666667,7.199999999999999,10,32.7,21.109756097560975,22.700000000000003,0.317180616740088,11,A012,FALSE
2026-08-17,18.1,24.9,21.27777777777778,6.799999999999997,12.4,32.7,22.290940766550523,20.300000000000004,0.3349753694581279,11,A012,FALSE
2026-08-18,18,26.2,21.523611111111112,8.2,13.5,34.2,22.894773519163763,20.700000000000003,0.396135265700483,11,A012,FALSE
2026-08-19,17.4,26.4,21.450694444444444,9,12.1,35.7,23.33170731707317,23.6,0.3813559322033898,11,A012,FALSE
2026-08-20,16.8,25.3,20.772569444444443,8.5,10.6,35.6,22.800704225352113,25,0.34,11,A012,FALSE
2026-08-21,17.2,24.4,20.705902777777776,7.199999999999999,13.1,35,23.190243902439025,21.9,0.3287671232876712,11,A012,FALSE
2026-08-22,19.1,22.7,19.963815789473685,3.599999999999998,19.5,33.3,25.970034843205575,13.799999999999997,0.2608695652173912,11,A012,FALSE
