well_name,latitude,longitude,apino,coordinate_source,coordinate_uncertainty_m,notes
23-5,39.3700873,-119.7668318,27-031-90234,nbmg_geothermal_wells,50,"NBMG name '23-5', operator Ormat, status In Use. Single unambiguous match. Source: https://data-nbmg.opendata.arcgis.com/datasets/72341ba987e34c12a575c83f1d7c5367_0"
34-32,39.38046,-119.75974,,nbmg_geothermal_wells,100,"NBMG name 'Industrial Production Well 34-32', operator Steamboat Hills, LLC. No apino/status given in NBMG record; still an unambiguous name match. Source: https://data-nbmg.opendata.arcgis.com/datasets/72341ba987e34c12a575c83f1d7c5367_0"
44-32,39.3826722,-119.7630336,27-031-90232,nbmg_geothermal_wells,50,"NBMG name 'Industrial Production Well No. 44-32', operator Steamboat Hills, LLC, status In Use. Distinct well from 34-32 (~370 m apart). Source: https://data-nbmg.opendata.arcgis.com/datasets/72341ba987e34c12a575c83f1d7c5367_0"
14A-33,39.3849895,-119.7450731,27-031-90244,nbmg_geothermal_wells,50,"NBMG name 'Industrial Production Well 14A-33', operator Ormat, status Idle. Source: https://data-nbmg.opendata.arcgis.com/datasets/72341ba987e34c12a575c83f1d7c5367_0"
44A-32,39.382543,-119.7616471,27-031-90243,nbmg_geothermal_wells,50,"NBMG name 'Industrial Production Well 44A-32', operator Ormat, status Idle. Source: https://data-nbmg.opendata.arcgis.com/datasets/72341ba987e34c12a575c83f1d7c5367_0"
24-5,39.3730878,-119.7645127,27-031-90095,nbmg_geothermal_wells,50,"NBMG name 'Well No. 24-5', operator Steamboat Hills, LLC. Independently corroborated by the 2025/2026 NDEP TFT Compliance Reports, which show this well under active periodic tracer-flow testing as a production well. Source: https://data-nbmg.opendata.arcgis.com/datasets/72341ba987e34c12a575c83f1d7c5367_0"
43-33,39.3839177,-119.7442997,27-031-90245,nbmg_geothermal_wells,50,"NBMG name 'Industrial Production Well 43-33', operator Ormat, status Idle. Source: https://data-nbmg.opendata.arcgis.com/datasets/72341ba987e34c12a575c83f1d7c5367_0"
41-5,39.37526,-119.7648,27-031-90273,nbmg_geothermal_wells,50,"NBMG name 'Industrial Production Well 41-5', operator Steamboat Hills, LLC, status Idle. Source: https://data-nbmg.opendata.arcgis.com/datasets/72341ba987e34c12a575c83f1d7c5367_0"
42A-32,39.38726,-119.764,27-031-90305,nbmg_geothermal_wells,50,"NBMG name '42A-32', operator Ormat, status In Use. Source: https://data-nbmg.opendata.arcgis.com/datasets/72341ba987e34c12a575c83f1d7c5367_0"
21-32,39.3899274,-119.7685792,27-031-90285,nbmg_geothermal_wells,50,"NBMG name 'Injection Well 21-32', operator Ormat, status In Use -- NBMG's own function_ field independently confirms injection role, consistent with dhakal_well_network.csv's well_role. Source: https://data-nbmg.opendata.arcgis.com/datasets/72341ba987e34c12a575c83f1d7c5367_0"
64A-32,39.3802347,-119.759455,27-031-90226,nbmg_geothermal_wells,50,"NBMG name 'Industrial Injection Well 64A-32', operator Steamboat Hills, LP, status In Use -- independently confirms injection role. Source: https://data-nbmg.opendata.arcgis.com/datasets/72341ba987e34c12a575c83f1d7c5367_0"
23-33,39.38012,-119.75009,,nbmg_geothermal_wells,150,"NBMG name 'Industrial Injection Well 23-33', operator Ormat -- no apino/status given, coordinate likely estimated. A second, same-named NBMG record (apino 27-031-90247, status Idle, 39.2941594/-119.7421578) is ~9.7 km south of the Steamboat cluster and was rejected here as a different well or data error. dhakal_well_network.csv spells this well '23-33RD' (possibly 'redrill'); NBMG has no separate '23-33RD' record. Treating '23-33' and '23-33RD' as the same well is NOT fully confirmed -- flag for review before relying on this match. Source: https://data-nbmg.opendata.arcgis.com/datasets/72341ba987e34c12a575c83f1d7c5367_0"
MTH 12-33,39.3861874,-119.7515632,27-031-90207,nbmg_geothermal_wells,50,"NBMG name 'Observation Well MTH 12-33', operator SBGeo, Inc., status Idle. NBMG classifies this well's function as Observation, not production/injection -- consistent with dhakal_well_network.csv leaving well_role blank for it rather than guessing. Source: https://data-nbmg.opendata.arcgis.com/datasets/72341ba987e34c12a575c83f1d7c5367_0"
45-28,39.39663,-119.7441,27-031-90143,nbmg_geothermal_wells,50,"Canonical name for the already-confirmed injection-well alias IW-1 (see Well_Aliases, seeded from NDEP UIC Permit UNEV2007204T2025-1 REVISED). NBMG name 'Well No. 45-28', operator SBGeo, Inc., status In Use. Source: https://data-nbmg.opendata.arcgis.com/datasets/72341ba987e34c12a575c83f1d7c5367_0"
35-28,39.39642,-119.7455,27-031-90142,nbmg_geothermal_wells,50,"Canonical name for the already-confirmed injection-well alias IW-4. NBMG name 'Well No. 35-28', operator SBGeo, Inc., status In Use. ~123 m from 45-28 -- a plausible adjacent injection pad. Source: https://data-nbmg.opendata.arcgis.com/datasets/72341ba987e34c12a575c83f1d7c5367_0"
46-28-2,39.3949341,-119.7359423,27-031-90156,nbmg_geothermal_wells,150,"Approximate match only for the already-confirmed injection-well alias IW-5, whose canonical UIC-permit name is '46-28' (no suffix). NBMG has no exact 'Well No. 46-28' in Washoe County -- two wells literally named '46-28' exist in the NBMG dataset but are in Pershing County, a completely different geothermal field, and were rejected. This 'Well No. 46-28-2' (operator SBGeo, Inc., status In Use) is ~730-840 m from 45-28/35-28, notably less tightly clustered than they are with each other -- lower confidence than the other two aliases. Registered under a separate well_name ('46-28-2') rather than merged into the '46-28' Wells row created by 05_well_network_schema.R, since the name match is inexact; flag for confirmation before treating this as truly the same well as IW-5. Source: https://data-nbmg.opendata.arcgis.com/datasets/72341ba987e34c12a575c83f1d7c5367_0"
78-29,39.38978,-119.7556519,27-031-90228,nbmg_geothermal_wells,75,"NBMG name 'Industrial Production Well 78-29', operator ORNI 7, LLC, status In Use -- chosen as primary over a second same-named NBMG record ('Well No. 78-29', apino 27-031-90146, operator SBGeo, Inc., no status given, ~150 m away at 39.39112/-119.7557159) because ORNI (an Ormat subsidiary) is the current-day Steamboat operator and this record is explicitly 'In Use'; the SBGeo record is plausibly an older/predecessor-operator permit for the same physical well. Not fully confirmed these are the same well rather than two nearby wells -- flag for review. Source: https://data-nbmg.opendata.arcgis.com/datasets/72341ba987e34c12a575c83f1d7c5367_0"
HA-4,39.39131,-119.75332,,nbmg_geothermal_wells,500,"NBMG name 'Production Well HA-4 1251', no apino/operator/status given. LOW CONFIDENCE: this coordinate is IDENTICAL to the coordinate previously noted (in an earlier session) for 'Harold Herz Geothermal Well 2' from a separate NBMG Direct-Use PDF report -- NBMG appears to sometimes assign a shared/generic estimated coordinate to multiple nearby wells (a pattern also observed elsewhere in this same dataset, e.g. duplicate coordinates across unrelated wells in the Soda Lake field). Treat as an approximate-area placeholder only, not a well-specific fix, until independently corroborated. Source: https://data-nbmg.opendata.arcgis.com/datasets/72341ba987e34c12a575c83f1d7c5367_0"
