well_name,total_depth_ft,top_perforation_ft,bottom_perforation_ft,notes
83A-6,2540,2137,2540,"[Sorey1992 Table 6/7 perforation data] Sorey & Colvard (1992) Table 6: total depth 2540 ft, casing to 2137 ft, open-hole interval elevation 3595-3192 ft (403 ft thick), metamorphic/granodiorite. No pre-existing total_depth to conflict with; filled directly."
Cox I-1,3471,1764,3449,"[Sorey1992 Table 6/7 perforation data] Sorey & Colvard (1992) Table 6: casing to 1764 ft, open-hole interval elevation 3293-1608 ft (1685 ft thick), granodiorite -- implies a report-era total depth of about 1764+1685=3449 ft. total_depth filled from NBMG's own record (3,471 ft) instead, since it is the more authoritative source and is closely consistent (within 22 ft, plausibly a small rat-hole/sump below the last perforation) with the report's own implied value."
PW-1,626,600,626,"[Sorey1992 Table 6/7 perforation data] Sorey & Colvard (1992) Table 7: total depth 626 ft, casing to 600 ft, open-hole interval elevation 4119-4093 ft (26 ft thick), granodiorite. No pre-existing total_depth to conflict with; filled directly."
PW-2,,495,530,"[Sorey1992 Table 6/7 perforation data] Sorey & Colvard (1992) Table 7: casing to 495 ft, open-hole interval elevation 4239-4204 ft (35 ft thick), granodiorite; report's own total depth (530 ft) EXACTLY matches the value already on record for this well -- only the perforation-interval fields were previously empty and are filled here."
PW-3,,545,566,"[Sorey1992 Table 6/7 perforation data] Sorey & Colvard (1992) Table 7: casing to 545 ft, open-hole interval elevation 4180-4159 ft (21 ft thick), granodiorite; report's own total depth (566 ft) is close to (1.4% less than) the 574 ft already on record for this well -- small enough to be plausible measurement/rounding variance rather than a real conflict, so the perforation fields are filled without touching the existing total_depth."
21-5R,,1292,2767,"[Sorey1992 Table 6/7 perforation data] Sorey & Colvard (1992) Table 6 (reported under '21-5'): casing to 1292 ft, open-hole interval elevation 4440-2965 ft (1475 ft thick), metamorphic/granodiorite; report's own total depth (2767 ft) is close to (1.4% less than) the 2806 ft already on record for this well -- small enough to be plausible measurement/rounding variance rather than a real conflict, so the perforation fields are filled without touching the existing total_depth."
IW-3,517,400,517,"[Sorey1992 Table 6/7 perforation data] Sorey & Colvard (1992) Table 7: total depth 517 ft, casing to 400 ft, open-hole interval elevation 4295-4178 ft (117 ft thick: 89 ft tuff breccia over 28 ft granodiorite). No pre-existing total_depth to conflict with; filled directly."
23-5,,,,"[Sorey1992 Table 6/7 perforation data] Sorey & Colvard (1992) Table 6 reports a 1990-era total depth of 2422 ft (casing to 1475 ft, open-hole interval elevation 3873-2926 ft, 947 ft thick, metamorphic). This conflicts substantially (19% shallower) with the 3001 ft total_depth already on record for this well (NDOM-sourced) -- NOT used to fill top_perforation/bottom_perforation, since the 1990 open-hole interval almost certainly does not represent this well's current completion (consistent with a subsequent deepening/recompletion between 1990 and today). Documented here as a historical construction fact only, not applied to any numeric field."
IW-2,,,,"[Sorey1992 Table 6/7 perforation data] Sorey & Colvard (1992) Table 7 reports a 1990-era total depth of 1403 ft (casing to 730 ft, open-hole interval elevation 3968-3295 ft, 673 ft thick, granodiorite). This conflicts substantially (over 3x shallower) with the 4700 ft total_depth already on record for this well -- NOT used to fill top_perforation/bottom_perforation, since the 1990 interval almost certainly predates a very substantial subsequent deepening of this active injection well. Documented here as a historical construction fact only, not applied to any numeric field."
