"sample_id","location_name","site_type","db_file","log_aNa_aK","T_NaK_gigg_activity","T_NaK_four_activity","ionic_strength","measured_temp_c","T_quartz_C","T_chalcedony_C"
816,"SBF_0001","fumarole","llnl.dat",1.3675,172.720088211708,153.792641641817,0.0316981,152.6,118.226987447699,91.7134225291325
820,"SBS_0002","seep","llnl.dat",1.2592,188.76678851522,170.654244766975,0.0257262,162.1,123.321373654536,96.2384513858337
845,"New seep adjacent to well GS-5 (1991)","seep","llnl.dat",1.2438,191.142871935333,173.160693853601,0.0338439,97,NA,NA
822,"SBS_0003","spring","llnl.dat",1.2663,187.679493087558,169.508131160659,0.0298769,103.3,102.963028169014,79.4238239102287
825,"SBS_0001","spring","llnl.dat",1.2906,183.996615799513,165.629925007211,0.0293163,118,126.904176904177,99.010989010989
843,"Hot spring 6, main terrace ACEC","spring","llnl.dat",1.241,191.577515880976,173.619456681351,0.0337223,97,NA,NA
818,"SBBV","transect","llnl.dat",1.2079,196.777989451976,179.115041435951,0.00921893,74.7,61.4647658489965,43.5865811544154
819,"SBRR","transect","llnl.dat",0.8766,256.051248762659,242.615383963384,0.0030074,59.4,51.7734472049689,35.9937888198758
815,"SBW_0002","well","llnl.dat",1.3281,178.427271693577,159.776612358152,0.0335514,149,NA,NA
821,"SBW_0001","well","llnl.dat",1.319,179.766259367872,161.182619557459,0.0205525,159.6,98.8687321646963,75.2719756309835
839,"CPI injection well Cox 1-1 (Cox well)","well","llnl.dat",1.2492,190.306921845826,172.278592343167,0.0292658,120,NA,NA
848,"23-5 (Mariner & Janik 1995; = Wells '23-5')","well","llnl.dat",1.1167,211.728082812991,194.980938185175,0.00842017,170,NA,NA
849,"23-5 (Mariner & Janik 1995; = Wells '23-5')","well","llnl.dat",1.1435,207.237074477277,190.204273748334,0.0335892,168,NA,NA
850,"23-5 (Mariner & Janik 1995; = Wells '23-5')","well","llnl.dat",1.1062,213.510597997339,196.879352695813,0.0324832,173,NA,NA
851,"23-5 (Mariner & Janik 1995; = Wells '23-5')","well","llnl.dat",1.1366,208.385370331878,191.424744235761,0.0337863,169,NA,NA
852,"23-5 (Mariner & Janik 1995; = Wells '23-5')","well","llnl.dat",1.1199,211.187433360047,194.40541895578,0.032931,171,NA,NA
853,"83A-6 (Mariner & Janik 1995; = Wells '83A-6')","well","llnl.dat",1.1563,205.121341568317,187.957111734172,0.032074,156,NA,NA
854,"83A-6 (Mariner & Janik 1995; = Wells '83A-6')","well","llnl.dat",1.1697,202.92630920985,185.627848984054,0.0310926,156,NA,NA
855,"83A-6 (Mariner & Janik 1995; = Wells '83A-6')","well","llnl.dat",1.1315,209.237645323616,192.330971505068,0.0315759,151,NA,NA
856,"21-5 (Mariner & Janik 1995; = Wells '21-5R')","well","pitzer.dat",1.2634,188.122980686268,169.975546169531,0.0333399,155,NA,NA
857,"21-5 (Mariner & Janik 1995; = Wells '21-5R')","well","llnl.dat",1.2482,190.461500233473,172.441681312244,0.0311864,154,NA,NA
858,"21-5 (Mariner & Janik 1995; = Wells '21-5R')","well","llnl.dat",1.263,188.18421838699,170.040094683175,0.031836,154,NA,NA
859,"21-5 (Mariner & Janik 1995; = Wells '21-5R')","well","pitzer.dat",1.283,185.142120013188,166.83553868402,0.033414,152,NA,NA
860,"13-5 (Mariner & Janik 1995; = Wells '13-5R')","well","llnl.dat",1.3039,182.005702544288,163.535923427464,0.0332286,130,NA,NA
861,"Cox I-1 (Mariner & Janik 1995; = Wells 'Cox I-1')","well","llnl.dat",1.2097,196.492193465554,178.812714004531,0.0381215,137,NA,NA
862,"Cox I-1 (Mariner & Janik 1995; = Wells 'Cox I-1')","well","llnl.dat",1.193,199.157169554876,181.633258594918,0.0344551,129,NA,NA
863,"Cox I-1 (Mariner & Janik 1995; = Wells 'Cox I-1')","well","llnl.dat",1.1803,201.204161689929,183.801901775992,0.0348271,140,NA,NA
864,"GS-5 (Mariner & Janik 1995; = Wells 'GS-5')","well","llnl.dat",1.281,185.44452325965,167.153907380608,0.0344745,95,NA,NA
865,"GS-5 (Mariner & Janik 1995; = Wells 'GS-5')","well","llnl.dat",1.242,191.422192513369,173.455504587156,0.0328237,86,NA,NA
866,"GS-5 (Mariner & Janik 1995; = Wells 'GS-5')","well","llnl.dat",1.2546,189.473976569261,171.399970777323,0.0353181,96,NA,NA
867,"PW-1 (Mariner & Janik 1995; = Wells 'PW-1')","well","llnl.dat",1.2638,188.061759240826,169.911016455512,0.0304873,129,NA,NA
868,"PW-1 (Mariner & Janik 1995; = Wells 'PW-1')","well","llnl.dat",1.2553,189.366221342295,171.286329109301,0.0308708,169,NA,NA
869,"PW-1 (Mariner & Janik 1995; = Wells 'PW-1')","well","llnl.dat",1.3032,182.110055024237,163.645635632761,0.030824,167,NA,NA
870,"PW-1 (Mariner & Janik 1995; = Wells 'PW-1')","well","llnl.dat",1.3086,181.306287190218,162.800709270669,0.0313813,166,NA,NA
871,"PW-2 (Mariner & Janik 1995; = Wells 'PW-2')","well","llnl.dat",1.2633,188.138288587263,169.991681535156,0.0309313,120,NA,NA
872,"PW-2 (Mariner & Janik 1995; = Wells 'PW-2')","well","llnl.dat",1.2503,190.13700463287,172.099332308931,0.0310968,169,NA,NA
873,"PW-2 (Mariner & Janik 1995; = Wells 'PW-2')","well","llnl.dat",1.2504,190.121563791495,172.08304309651,0.0306186,164,NA,NA
874,"PW-2 (Mariner & Janik 1995; = Wells 'PW-2')","well","llnl.dat",1.3112,180.92029922906,162.395057619354,0.0311683,168,NA,NA
875,"PW-3 (Mariner & Janik 1995; = Wells 'PW-3')","well","llnl.dat",1.2898,184.116925455622,165.756520484709,0.0309309,172,NA,NA
876,"PW-3 (Mariner & Janik 1995; = Wells 'PW-3')","well","llnl.dat",1.2408,191.60859301859,173.652261546369,0.0285519,168,NA,NA
877,"PW2-1 (Mariner & Janik 1995; = Wells 'PW 2-1')","well","llnl.dat",1.3006,182.498069232282,164.053621209944,0.0306635,163,NA,NA
878,"PW2-1 (Mariner & Janik 1995; = Wells 'PW 2-1')","well","llnl.dat",1.3053,181.797141033614,163.316664275724,0.0288888,163,NA,NA
879,"PW2-2 (Mariner & Janik 1995; = Wells 'PW 2-2')","well","llnl.dat",1.324,179.029570592062,160.408959743498,0.0307422,156,NA,NA
880,"PW2-2 (Mariner & Janik 1995; = Wells 'PW 2-2')","well","llnl.dat",1.3673,172.74869438296,153.822599375504,0.0318861,149,NA,NA
881,"PW2-2 (Mariner & Janik 1995; = Wells 'PW 2-2')","well","llnl.dat",1.3649,173.092254968057,154.182420379929,0.0321162,156,NA,NA
882,"PW2-3 (Mariner & Janik 1995; = Wells 'PW 2-3')","well","llnl.dat",1.297,183.036412865113,164.619784172662,0.0308459,162,NA,NA
883,"PW2-3 (Mariner & Janik 1995; = Wells 'PW 2-3')","well","llnl.dat",1.3099,181.113211216053,162.597789036485,0.0307604,160,NA,NA
884,"PW2-4 (Mariner & Janik 1995; = Wells 'PW 2-4')","well","llnl.dat",1.3298,178.178008312228,159.514960182025,0.0315472,148,NA,NA
885,"PW2-4 (Mariner & Janik 1995; = Wells 'PW 2-4')","well","llnl.dat",1.3785,171.152381332907,152.151415341604,0.0316112,145,NA,NA
886,"PW2-4 (Mariner & Janik 1995; = Wells 'PW 2-4')","well","llnl.dat",1.3338,177.592590310656,158.900553819937,0.0313769,151,NA,NA
887,"PW2-5 (Mariner & Janik 1995; = Wells 'PW 2-5')","well","llnl.dat",1.2985,182.811948499262,164.38370483552,0.03078,164,NA,NA
888,"PW2-5 (Mariner & Janik 1995; = Wells 'PW 2-5')","well","llnl.dat",1.3238,179.058992127009,160.439853213624,0.031519,164,NA,NA
889,"PW2-5 (Mariner & Janik 1995; = Wells 'PW 2-5')","well","llnl.dat",1.3335,177.636443976001,158.946573761761,0.031399,163,NA,NA
890,"PW3-1 (Mariner & Janik 1995; = Wells 'PW 3-1')","well","llnl.dat",1.2941,183.47100456621,165.076927370278,0.0313497,152,NA,NA
891,"PW3-1 (Mariner & Janik 1995; = Wells 'PW 3-1')","well","llnl.dat",1.3334,177.651063760784,158.961915921034,0.0291193,160,NA,NA
892,"PW3-1 (Mariner & Janik 1995; = Wells 'PW 3-1')","well","llnl.dat",1.3652,173.049280945044,154.137409592023,0.0316526,163,NA,NA
893,"PW3-2 (Mariner & Janik 1995; = Wells 'PW 3-2')","well","llnl.dat",1.3099,181.113211216053,162.597789036485,0.0313368,161,NA,NA
894,"PW3-2 (Mariner & Janik 1995; = Wells 'PW 3-2')","well","llnl.dat",1.3498,175.266026840441,156.460279582039,0.0294241,167,NA,NA
895,"PW3-3 (Mariner & Janik 1995; = Wells 'PW 3-3')","well","llnl.dat",1.3058,181.722701093004,163.238410786001,0.0314398,168,NA,NA
896,"PW3-3 (Mariner & Janik 1995; = Wells 'PW 3-3')","well","llnl.dat",1.3509,175.106957657454,156.293523060094,0.0315728,162,NA,NA
897,"PW3-3 (Mariner & Janik 1995; = Wells 'PW 3-3')","well","llnl.dat",1.3496,175.294960640083,156.490612864506,0.0313918,163,NA,NA
898,"PW3-4 (Mariner & Janik 1995; = Wells 'PW 3-4')","well","llnl.dat",1.316,180.209425962166,161.648142193641,0.0309449,163,NA,NA
899,"PW3-4 (Mariner & Janik 1995; = Wells 'PW 3-4')","well","llnl.dat",1.3668,172.82022587269,153.897512106113,0.0296403,173,NA,NA
900,"PW3-4 (Mariner & Janik 1995; = Wells 'PW 3-4')","well","llnl.dat",1.3447,176.005006947362,157.235118647664,0.0313696,161,NA,NA
901,"IW-3 (Mariner & Janik 1995; = Wells 'IW-3')","well","llnl.dat",1.2893,184.192151153226,165.835679760488,0.0293487,88,NA,NA
902,"IW-3 (Mariner & Janik 1995; = Wells 'IW-3')","well","llnl.dat",1.2707,187.00824146721,168.800829792643,0.0316226,99,NA,NA
903,"IW-5 (Mariner & Janik 1995; = Wells '46-28')","well","llnl.dat",1.3196,179.677729997394,161.089634624991,0.0314935,97,NA,NA
