"table","n_rows"
"Alteration_Zones",0
"Chemistry_Parameters",17
"Conductivity_Loggers",2
"Conductivity_Observations",21901
"Data_Sources",10
"Documents_Processed",10
"Earthquake_Events",139
"External_Location_Map",77
"Facies_Cluster_Assignments",157
"Facies_Cluster_Runs",1
"Facility_Areas",5
"Fault_Traces",0
"Field_Measurements",111
"Field_Observations",0
"Geophysical_Depth_Model_Points",241
"Gradient_Vectors_Scaled",477800
"Hydraulic_Gradients",670130
"Ingest_Run_Log",13
"Isotope_Analyses",16
"Lab_Analyses",13848
"Location_Aliases",0
"Locations",204
"Logger_Calibration_Checks",10
"Logger_Files_Processed",20
"Logger_Specifications",4
"Logger_Station_Map",0
"NDOM_Well_Records",49
"PHREEQC_Gas_Phase_Results",0
"PHREEQC_Gas_Phase_Runs",0
"PHREEQC_Inverse_End_Members",0
"PHREEQC_Inverse_Models",0
"PHREEQC_Inverse_Results",0
"PHREEQC_Mixing_Fractions",0
"PHREEQC_Mixing_Results",0
"PHREEQC_Mixing_Runs",0
"PHREEQC_Pipeline_State",1
"PHREEQC_Results",8289
"PHREEQC_Run_Failures",2
"PHREEQC_Solutions",911
"PHREEQC_Temp_Sweep",0
"Photo_Location_Candidates",1
"Photo_Location_QC",0
"Photos",0
"Port_Injection_Links",15
"Production_Port_Links",25
"QC_Issues",4212
"QC_Summary",1
"Samples",920
"Sampling_Events",843
"Sampling_Ports",5
"Staging_NDEP_WQ",494
"Stream_Flow_Observations",4929
"Temperature_Loggers",11
"Temperature_Observations",204622
"USGS_Stations",2
"USGS_Timeseries",299164
"Validation_Log",17
"Water_Level_Observations",153442
"Weather_Files_Processed",4
"Weather_Observations",43197
"Weather_Stations",3
"Well_Aliases",18
"Well_Deviation_Surveys",0
"Well_Lithology",18
"Well_Log_Documents",64
"Well_Work_Events",50
"Wells",218
"anomaly_flags",14711
"flow_summary",1
"hydrochem_summary",851
"isotope_pairs",8
"sample_flow",830
"sample_flux",2742
"sample_integrated",14711
"temp_flow",193656
"temp_gradient",2160
"thermal_summary",10
"vw_facies_clusters_gis",131
"vw_flux_summary",0
"vw_flux_vs_usgs",0
"vw_hydraulic_gradients",670130
"vw_hydraulic_head",153027
"vw_hydraulic_head_clean",153021
"vw_isotope_pairs",8
"vw_isotopes_gis",16
"vw_locations_gis",188
"vw_logger_locations",10
"vw_major_ions",3278
"vw_major_ions_clean",1841
"vw_port_to_injection",15
"vw_production_to_port",25
"vw_sample_flow_clean",613
"vw_sample_hydrochem_flux",2742
"vw_sample_master",13848
"vw_sample_quality",920
"vw_sample_with_flow",830
"vw_samples_gis",13848
"vw_samples_locations",851
"vw_sc_discharge_daily",78
"vw_temp_gradient",2160
"vw_temperature_timeseries",204622
"vw_usgs_discharge",272039
"vw_water_level_latest",78
"vw_weather_metric",43197
"vw_well_flow_network",82
"vw_wells_gis",185
