"date","n"
"2025-10-01",85
"2025-10-02",360
"2025-10-03",360
"2025-10-04",360
"2025-10-05",360
"2025-10-06",360
"2025-10-07",360
"2025-10-08",360
"2025-10-09",360
"2025-10-10",360
"2025-10-11",360
"2025-10-12",360
"2025-10-13",360
"2025-10-14",360
"2025-10-15",360
"2025-10-16",360
"2025-10-17",360
"2025-10-18",360
"2025-10-19",360
"2025-10-20",360
"2025-10-21",360
"2025-10-22",360
"2025-10-23",360
"2025-10-24",360
"2025-10-25",360
"2025-10-26",360
"2025-10-27",360
"2025-10-28",360
"2025-10-29",360
"2025-10-30",360
"2025-10-31",360
"2025-11-01",360
"2025-11-02",360
"2025-11-03",360
"2025-11-04",360
"2025-11-05",360
"2025-11-06",360
"2025-11-07",360
"2025-11-08",360
"2025-11-09",360
"2025-11-10",360
"2025-11-11",360
"2025-11-12",360
"2025-11-13",360
"2025-11-14",360
"2025-11-15",360
"2025-11-16",360
"2025-11-17",360
"2025-11-18",360
"2025-11-19",360
"2025-11-20",360
"2025-11-21",360
"2025-11-22",360
"2025-11-23",360
"2025-11-24",360
"2025-11-25",360
"2025-11-26",360
"2025-11-27",360
"2025-11-28",360
"2025-11-29",360
"2025-11-30",360
"2025-12-01",360
"2025-12-02",360
"2025-12-03",360
"2025-12-04",360
"2025-12-05",360
"2025-12-06",360
"2025-12-07",360
"2025-12-08",360
"2025-12-09",360
"2025-12-10",360
"2025-12-11",360
"2025-12-12",176
"2026-04-14",760
"2026-04-15",1728
"2026-04-16",1728
"2026-04-17",1728
"2026-04-18",1728
"2026-04-19",1728
"2026-04-20",1728
"2026-04-21",1728
"2026-04-22",1728
"2026-04-23",1728
"2026-04-24",1728
"2026-04-25",1728
"2026-04-26",1728
"2026-04-27",1728
"2026-04-28",1728
"2026-04-29",1977
"2026-04-30",2304
"2026-05-01",2443
"2026-05-02",2664
"2026-05-03",2664
"2026-05-04",2664
"2026-05-05",2664
"2026-05-06",2664
"2026-05-07",2664
"2026-05-08",2664
"2026-05-09",2664
"2026-05-10",2664
"2026-05-11",2664
"2026-05-12",2664
"2026-05-13",2664
"2026-05-14",2664
"2026-05-15",2664
"2026-05-16",2664
"2026-05-17",2664
"2026-05-18",2664
"2026-05-19",2663
"2026-05-20",2664
"2026-05-21",1947
"2026-07-14",1061
"2026-07-15",2726
"2026-07-16",2880
"2026-07-17",2880
"2026-07-18",2880
"2026-07-19",2880
"2026-07-20",2880
"2026-07-21",2880
"2026-07-22",2880
"2026-07-23",2880
"2026-07-24",2880
"2026-07-25",2880
"2026-07-26",2880
"2026-07-27",2880
"2026-07-28",2880
"2026-07-29",2880
"2026-07-30",2880
"2026-07-31",2880
"2026-08-01",2880
"2026-08-02",2880
"2026-08-03",2880
"2026-08-04",2880
"2026-08-05",2880
"2026-08-06",2880
"2026-08-07",2880
"2026-08-08",2880
"2026-08-09",2880
"2026-08-10",2880
"2026-08-11",2880
"2026-08-12",2880
"2026-08-13",2880
"2026-08-14",2880
"2026-08-15",2880
"2026-08-16",2880
"2026-08-17",2880
"2026-08-18",2880
"2026-08-19",2880
"2026-08-20",2880
"2026-08-21",2880
"2026-08-22",2635
"2026-08-23",2304
"2026-08-24",2304
"2026-08-25",2304
"2026-08-26",2304
"2026-08-27",2304
"2026-08-28",2304
"2026-08-29",2304
"2026-08-30",2304
"2026-08-31",2304
"2026-09-01",2304
"2026-09-02",2304
"2026-09-03",2304
"2026-09-04",2304
"2026-09-05",2304
"2026-09-06",2304
"2026-09-07",2304
"2026-09-08",2304
"2026-09-09",2304
"2026-09-10",2304
"2026-09-11",2304
"2026-09-12",2304
"2026-09-13",2304
"2026-09-14",2304
"2026-09-15",2304
"2026-09-16",2304
"2026-09-17",2304
"2026-09-18",2304
"2026-09-19",2304
"2026-09-20",2304
"2026-09-21",2304
"2026-09-22",2304
"2026-09-23",2304
"2026-09-24",2304
"2026-09-25",2304
"2026-09-26",2304
"2026-09-27",978
