"well_id","well_name","ndwr_site_id","well_role","latitude","longitude","mid_screen_depth","total_depth","basin_name"
1,"45-28",NA,"injection",39.39663,-119.7441,NA,1506,NA
2,"35-28",NA,"injection",39.39642,-119.7455,NA,2698,NA
3,"46-28",NA,"injection",39.39482,-119.7454,NA,1080,NA
4,"PAGNI LANE","088 N17 E20 18BABA1","unknown",39.34624,-119.7831,105,135,"PLEASANT VALLEY"
5,"MONTREAUX RANCH","088 N17 E20 07ADCA1","unknown",39.35506,-119.77406,150,200,"PLEASANT VALLEY"
6,"GALENA CREEK PARK","088 N17 E19 09BABC1","unknown",39.35955,-119.85889,249,306,"PLEASANT VALLEY"
7,"SKY TAVERN SKI RESORT","088 N17 E19 17CAAA1","unknown",39.33813,-119.8736,NA,320,"PLEASANT VALLEY"
8,"Shonnard","088 N17 E19 02CACD1","unknown",39.364597,-119.819923,170,220,"PLEASANT VALLEY"
9,"St. James MW1","088 N17 E19 14AAAA2","unknown",39.346027,-119.807974,620,788,"PLEASANT VALLEY"
10,"St. James MW2","088 N17 E19 14ABBA2","unknown",39.345925,-119.815633,580,640,"PLEASANT VALLEY"
11,"St. James MW3","088 N17 E19 14BBCB2","unknown",39.343791,-119.826154,430,600,"PLEASANT VALLEY"
12,"St. James MW4","088 N17 E19 10DCAD2","unknown",39.348158,-119.831604,300,360,"PLEASANT VALLEY"
13,"Tessa East","088 N18 E19 35CACD2","unknown",39.38112,-119.820081,582.5,725,"PLEASANT VALLEY"
14,"Tessa West","088 N18 E19 35CBCC2","unknown",39.37888,-119.825034,727,1000,"PLEASANT VALLEY"
15,"Mt. Rose 3","088 N17 E19 02DABD1","unknown",39.366406,-119.810357,165,223,"PLEASANT VALLEY"
16,"Mt. Rose 6","088 N17 E19 03DBCD1","unknown",39.364953,-119.833582,640,755,"PLEASANT VALLEY"
17,"Timberline MW","088 N18 E19 34CADD1","unknown",39.378909,-119.836044,315,450,"PLEASANT VALLEY"
18,"Sunrise Estates 3","088 N17 E20 07CCAB1","unknown",39.34936,-119.786778,126,151,"PLEASANT VALLEY"
19,"Reno High MWD","087 N19 E19 15AABC2","unknown",39.5189,-119.82987,330,430,"TRUCKEE MEADOWS"
20,"Reno High MWS","087 N19 E19 15AABC3","unknown",39.518898,-119.82989,205,230,"TRUCKEE MEADOWS"
21,"View MWD","087 N19 E20 06DCDB2","unknown",39.536026,-119.77773,360,530,"TRUCKEE MEADOWS"
22,"View MWS","087 N19 E20 06DCDB3","unknown",39.536044,-119.777745,166,190,"TRUCKEE MEADOWS"
23,"Virginia MWD","087 N18 E20 06BAAA2","unknown",39.461878,-119.7808,190,290,"TRUCKEE MEADOWS"
24,"Arrow Creek 4S","087 N18 E19 22DAAD2","unknown",39.409606,-119.827413,674,1325,"TRUCKEE MEADOWS"
25,"Double Diamond 5","087 N18 E20 17ABBA1","unknown",39.432544,-119.75973,390,500,"TRUCKEE MEADOWS"
26,"Longley Lane Well","087 N18 E20 06AACC1","unknown",39.458283,-119.774102,205,310,"TRUCKEE MEADOWS"
27,"Longley Lane MW","087 N18 E20 06AACC2","unknown",39.458329,-119.774076,205,300,"TRUCKEE MEADOWS"
28,"S. Virginia Street Well","087 N18 E20 06BAAA1","unknown",39.461812,-119.780849,191,504,"TRUCKEE MEADOWS"
29,"Patriot Well","087 N18 E20 06CAAD1","unknown",39.454094,-119.780729,218,313,"TRUCKEE MEADOWS"
30,"Holcomb Lane Well","087 N18 E20 07ACBA1","unknown",39.443586,-119.779433,255,336,"TRUCKEE MEADOWS"
31,"Holcomb Lane MW","087 N18 E20 07ACBA2","unknown",39.443508,-119.779378,250,325,"TRUCKEE MEADOWS"
32,"4th Street Well","087 N19 E19 12AAAA1","unknown",39.534095,-119.790128,328,490,"TRUCKEE MEADOWS"
33,"4th Street Deep MW","087 N19 E19 12AAAA2","unknown",39.533972,-119.790084,405,500,"TRUCKEE MEADOWS"
34,"4th Street Shallow MW","087 N19 E19 12AAAA3","unknown",39.533953,-119.790096,240,310,"TRUCKEE MEADOWS"
35,"Reno High Well","087 N19 E19 15AABC1","unknown",39.518871,-119.830014,305,456,"TRUCKEE MEADOWS"
36,"Glenn Hare Well","087 N19 E19 15ABCB1","unknown",39.517257,-119.835432,310.5,470,"TRUCKEE MEADOWS"
37,"Glenn Hare MW","087 N19 E19 15ABCB2","unknown",39.517321,-119.835349,302.5,470,"TRUCKEE MEADOWS"
38,"Hunter Lake Well","087 N19 E19 15CAAA1","unknown",39.512257,-119.83598,345,495,"TRUCKEE MEADOWS"
39,"Hunter Lake MW","087 N19 E19 15CAAA2","unknown",39.512292,-119.836055,304.5,500,"TRUCKEE MEADOWS"
40,"Swope Well","087 N19 E19 16DABA1","unknown",39.511893,-119.848574,260,451,"TRUCKEE MEADOWS"
41,"Lakeside Drive Well","087 N19 E19 35ADDD1","unknown",39.470573,-119.808118,283,400,"TRUCKEE MEADOWS"
42,"Bartley Ranch","087 N19 E19 36CBBA1","unknown",39.468835,-119.805967,100,120,"TRUCKEE MEADOWS"
43,"El Rancho Drive Well","087 N19 E20 06DABB1","unknown",39.54189,-119.775814,251.5,385,"TRUCKEE MEADOWS"
44,"El Rancho Deep MW","087 N19 E20 06DABB2","unknown",39.541957,-119.775678,330,365,"TRUCKEE MEADOWS"
45,"El Rancho Shallow MW","087 N19 E20 06DABB3","unknown",39.541964,-119.775697,165,205,"TRUCKEE MEADOWS"
46,"View Street Well","087 N19 E20 06DCDB1","unknown",39.535923,-119.777743,363,633,"TRUCKEE MEADOWS"
47,"21st Street Deep MW","087 N19 E20 07DADA2","unknown",39.525326,-119.772092,185,260,"TRUCKEE MEADOWS"
48,"21st Street Shallow MW","087 N19 E20 07DADA3","unknown",39.525326,-119.772124,50,70,"TRUCKEE MEADOWS"
49,"21st Street Well","087 N19 E20 07DADB1","unknown",39.525263,-119.771838,182.5,336,"TRUCKEE MEADOWS"
50,"Galletti Way Well","087 N19 E20 07DBAA1","unknown",39.526487,-119.776066,180,260,"TRUCKEE MEADOWS"
51,"Galletti Way MW","087 N19 E20 07DBAD2","unknown",39.526436,-119.775968,177.5,290,"TRUCKEE MEADOWS"
52,"Sparks Avenue Well","087 N19 E20 08BAAD1","unknown",39.533247,-119.762142,211,280,"TRUCKEE MEADOWS"
53,"CTM67","087 N19 E20 08BAAD2","unknown",39.533355,-119.762679,106,114,"TRUCKEE MEADOWS"
54,"CTM68","087 N19 E20 08BAAD3","unknown",39.533372,-119.762633,175,188,"TRUCKEE MEADOWS"
55,"Poplar #1 Well","087 N19 E20 08BDDB1","unknown",39.528769,-119.763432,549,752,"TRUCKEE MEADOWS"
56,"Poplar #2 Well","087 N19 E20 08BDDB2","unknown",39.528619,-119.763531,216,320,"TRUCKEE MEADOWS"
57,"CTM 74","087 N19 E20 08BDDB3","unknown",39.528895,-119.763482,93,106,"TRUCKEE MEADOWS"
58,"CTM 75","087 N19 E20 08BDDB4","unknown",39.528906,-119.76348,162,177,"TRUCKEE MEADOWS"
59,"Poplar #1 MW","087 N19 E20 08BDDB5","unknown",39.528872,-119.763549,552.5,650,"TRUCKEE MEADOWS"
60,"Greg Street Well","087 N19 E20 08DDBC1","unknown",39.522542,-119.75695,185,NA,"TRUCKEE MEADOWS"
61,"Greg Street Deep MW","087 N19 E20 08DDBC2","unknown",39.522329,-119.75694,185,270,"TRUCKEE MEADOWS"
62,"Pezzi Well","087 N19 E20 17ADCB1","unknown",39.514472,-119.756592,381,1025,"TRUCKEE MEADOWS"
63,"Terminal Way Well","087 N19 E20 18DBDB1","unknown",39.51107,-119.778151,497.5,685,"TRUCKEE MEADOWS"
64,"Peckham Lane Well","087 N19 E20 30DACA1","unknown",39.481834,-119.773959,479,826,"TRUCKEE MEADOWS"
65,"USGSPeckham","087 N19 E20 30DACA2","unknown",39.482166,-119.773954,22.5,30,"TRUCKEE MEADOWS"
66,"Delucchi Lane Well","087 N19 E20 31CABB1","unknown",39.469284,-119.784196,211,323,"TRUCKEE MEADOWS"
67,"Sierra Plaza MW","087 N19 E20 31DBDD1","unknown",39.466681,-119.775726,210,311,"TRUCKEE MEADOWS"
68,"Sierra Plaza Well","087 N19 E20 31DABC1","unknown",39.466781,-119.775681,217,315,"TRUCKEE MEADOWS"
69,"8055 S. Virigina Street MW","087 N18 E20 06DBBA1","unknown",39.454201,-119.779105,NA,NA,"TRUCKEE MEADOWS"
70,"Picollo MW","087 N18 E20 18ABAD1","unknown",39.431335,-119.776051,263.5,400,"TRUCKEE MEADOWS"
71,"Tessa East MWA","087 N18 E19 35CAAB1","unknown",39.381801,-119.818835,460,480,"TRUCKEE MEADOWS"
72,"Tessa West MW","087 N18 E19 35CBCD1","unknown",39.37888,-119.825034,727,1000,"TRUCKEE MEADOWS"
73,"STMGID MW1","087 N18 E20 19AAAB1","unknown",39.418527,-119.773506,161,183,"TRUCKEE MEADOWS"
74,"STMGID MW10","087 N18 E19 25DBBD1","unknown",39.395714,-119.796467,460,700,"TRUCKEE MEADOWS"
75,"STMGID 11 MWA","087 N18 E20 19BABA1","unknown",39.418533,-119.783454,400,420,"TRUCKEE MEADOWS"
76,"STMGID MW3","087 N18 E20 19DDAA1","unknown",39.407588,-119.771611,236,287,"TRUCKEE MEADOWS"
77,"78-29",NA,"production",39.38978,-119.7556519,NA,759,NA
78,"HA-4",NA,"production",39.39131,-119.75332,NA,NA,NA
80,"PW-2",NA,"production",39.3936912205606,-119.754644809819,NA,530,NA
81,"PW-3",NA,"production",39.3937386861778,-119.753021215072,NA,574,NA
82,"PW 2-1",NA,"production",39.39392,-119.7507,NA,NA,NA
83,"PW 2-3",NA,"production",39.39506,-119.7494,NA,NA,NA
84,"PW 2-5",NA,"production",39.39595,-119.7484,NA,NA,NA
85,"PW 3-1",NA,"production",39.39081,-119.7473,NA,NA,NA
86,"PW 3-2",NA,"production",39.39181,-119.7469,NA,NA,NA
87,"PW 3-3",NA,"production",39.39103,-119.7458,NA,NA,NA
88,"PW 3-4",NA,"production",39.39255,-119.7462,NA,NA,NA
89,"14A-33",NA,"production",39.3849895,-119.7450731,NA,850,NA
90,"14-33",NA,"production",39.3825945224469,-119.749611216914,NA,1240,NA
91,"34-32",NA,"production",39.38046,-119.75974,NA,1558,NA
92,"44-32",NA,"production",39.3826722,-119.7630336,NA,1116,NA
93,"44A-32",NA,"production",39.382543,-119.7616471,NA,1150,NA
94,"13-5R",NA,"production",39.3708963475173,-119.770310905677,NA,2930,NA
95,"21-5R",NA,"production",39.3742081728802,-119.768561526409,NA,2806,NA
96,"21B-5R",NA,"production",39.3744078346584,-119.768499775116,NA,3001,NA
97,"23-5",NA,"production",39.3700873,-119.7668318,NA,3001,NA
98,"83B-6R",NA,"production",39.3714850635972,-119.772446610485,NA,2996,NA
99,"83C-6ST1",NA,"production",39.3719562180283,-119.760974521138,NA,3000,NA
100,"24-5",NA,"production",39.3730878,-119.7645127,NA,2582,NA
101,"41-5",NA,"production",39.37526,-119.7648,NA,2130,NA
102,"IW-6",NA,"injection",39.39359,-119.7466,NA,NA,NA
103,"IW-2",NA,"injection",39.3966663259424,-119.752648713035,NA,4700,NA
105,"23-33RD",NA,"injection",39.3844215614594,-119.747779101739,NA,1950,NA
106,"43-33",NA,"injection",39.3839177,-119.7442997,NA,2300,NA
107,"42A-32",NA,"injection",39.38726,-119.764,NA,1030,NA
108,"21-32",NA,"injection",39.3899274,-119.7685792,NA,3900,NA
109,"64A-32",NA,"injection",39.3802347,-119.759455,NA,1994,NA
110,"MTH 12-33",NA,"monitor",39.3861874,-119.7515632,NA,NA,NA
111,"OW-2",NA,"monitor",39.39357,-119.7494,NA,NA,NA
114,"Obs Well 1",NA,"monitor",39.3944115765318,-119.752757417352,NA,626,NA
115,"Obs Well 2",NA,"monitor",39.393683585554,-119.753065489639,NA,570,NA
116,"Obs Well 3",NA,"monitor",39.3971085861038,-119.753374379111,NA,966,NA
117,"Obs 4",NA,"monitor",39.3973702778929,-119.755637218318,NA,1640,NA
118,"28-32",NA,"production",39.3765479026498,-119.767911128872,NA,3031,NA
119,"ST13-5",NA,"monitor",39.369747952318,-119.770869026067,NA,2470,NA
120,"87-29-2",NA,"production",39.3914082977488,-119.753660996316,NA,729,NA
123,"16-28",NA,"production",39.3939362305563,-119.75076494033,NA,990,NA
124,"26-28",NA,"production",39.3935633173038,-119.749391865242,NA,1505,NA
125,"25-28-2",NA,"production",39.3950699415502,-119.749300108048,NA,1062,NA
126,"25-28-1",NA,"production",39.3959376415633,-119.748416937241,NA,590,NA
127,"36-28",NA,"injection",39.3935650193627,-119.746651870517,NA,1059,NA
128,"38-28-2",NA,"production",39.3910258999763,-119.745832420402,NA,847,NA
129,"37-28-1",NA,"production",39.3917927254045,-119.746930632474,NA,1301,NA
130,"47-28",NA,"production",39.3925482932419,-119.746217225942,NA,2000,NA
131,"87-29",NA,"monitor",39.3913379434885,-119.753588568461,NA,4028,NA
132,"85-29",NA,"production",39.3952982770948,-119.75259490894,NA,627,NA
133,"MTH 24-33",NA,"monitor",39.3827019270992,-119.750021736177,NA,NA,NA
135,"38B-28",NA,"production",39.3910258999763,-119.745832420402,NA,672,NA
136,"28A-32",NA,"production",39.3765195216518,-119.767968045046,NA,2602,NA
